-1.342307307368e-04,-4.738154085586e-04,4.371028561400e-02
-1.324364917679e-04,-4.809197224110e-04,4.543356289628e-02
-1.148457389206e-04,-4.814325580961e-04,4.816017035989e-02
-1.249893231119e-04,-4.603323405232e-04,5.080095962194e-02
-1.221185889477e-04,-4.758775232494e-04,5.313192273388e-02
-1.491103524245e-04,-4.680924883978e-04,5.456779070732e-02
-1.343184985103e-04,-4.710380632824e-04,5.528422545285e-02
-1.528524721834e-04,-4.924893970030e-04,5.564960735569e-02
-1.485814835860e-04,-4.772285061085e-04,5.582424901866e-02
-1.748252694824e-04,-5.046330704258e-04,5.593549898357e-02
-1.679505068495e-04,-4.755502724585e-04,5.606252599864e-02
-1.828642361517e-04,-4.646719469602e-04,5.615178616608e-02
-1.614766148066e-04,-4.701906088376e-04,5.643765025343e-02
-1.933531419382e-04,-4.863151314970e-04,5.723715554632e-02
-1.903030325394e-04,-4.659887305729e-04,5.794945817979e-02
-2.079211447494e-04,-4.762548937887e-04,5.841794723119e-02
-1.978607414799e-04,-4.683648976152e-04,5.867966063215e-02
-2.066674608585e-04,-4.734086704634e-04,5.811446906318e-02
-2.098411529659e-04,-4.599646593243e-04,5.561473117996e-02
-2.298536299321e-04,-4.778895705148e-04,5.364476425802e-02
-2.378460887513e-04,-4.720748917701e-04,5.285376181700e-02
-2.385988363613e-04,-4.762893775008e-04,5.293924331272e-02
-2.676166850648e-04,-4.803767273891e-04,5.339322856526e-02
-2.383903535446e-04,-4.622318668105e-04,5.400083643144e-02
-2.523074426932e-04,-4.846895572273e-04,5.449659039789e-02
-2.655102227749e-04,-4.489663272063e-04,5.486891128339e-02
-2.599296453099e-04,-4.628898603942e-04,5.515139147974e-02
-2.680532265771e-04,-4.793294900474e-04,5.529453569216e-02
-2.881079180668e-04,-4.665452533217e-04,5.546216625953e-02
-3.070996103105e-04,-4.943054961177e-04,5.551605441906e-02
-3.156349663556e-04,-4.838758411958e-04,5.562788834959e-02
-3.221887976537e-04,-4.981059537146e-04,5.571400900772e-02
-3.199093250572e-04,-4.672956156793e-04,5.592817557869e-02
-3.241904859834e-04,-4.610421525290e-04,5.675252711171e-02
-3.522263283742e-04,-4.677599916209e-04,5.905867156184e-02
-3.566268613469e-04,-4.717677954421e-04,6.353377966639e-02
-3.610336994910e-04,-4.833849084628e-04,6.540031530767e-02
-3.802157316102e-04,-4.590960536614e-04,6.750808711649e-02
-3.789029967862e-04,-4.639595608059e-04,6.370686039736e-02
-3.627456109712e-04,-4.687820547843e-04,5.911043336528e-02
-3.979586536644e-04,-4.751502396653e-04,5.601328047123e-02
-4.034715932733e-04,-4.765619850961e-04,5.454117653744e-02
-4.196406347887e-04,-4.845145100102e-04,5.416263101665e-02
-4.227251602629e-04,-4.691989436922e-04,5.434633896311e-02
-4.233310610573e-04,-4.695819668952e-04,5.469438991349e-02
-4.123424999563e-04,-4.746625906376e-04,5.619614337843e-02
-4.393486872942e-04,-4.712795478067e-04,6.021211229108e-02
-4.637549609896e-04,-5.009577127364e-04,6.150467402404e-02
-4.662489604357e-04,-4.609552535070e-04,6.065641022678e-02
-4.743463567536e-04,-4.726600962064e-04,5.904630541772e-02
-4.758679831980e-04,-4.776667280170e-04,5.754427862757e-02
-4.890356111247e-04,-4.721810887188e-04,5.759131700779e-02
-4.805308236797e-04,-4.582274548750e-04,6.321993952167e-02
-4.869154928286e-04,-4.645022063320e-04,7.173033476874e-02
-4.863025070421e-04,-4.830366471209e-04,7.314963521844e-02
-5.053433191193e-04,-4.763270316795e-04,6.919868145064e-02
-4.991891300534e-04,-4.721262715612e-04,6.469404373638e-02
-5.108666389049e-04,-4.804741310735e-04,6.135684381775e-02
-5.250699957742e-04,-4.859612499540e-04,6.026425619712e-02
-5.079348878638e-04,-4.734589907726e-04,6.096619675873e-02
-5.264873383055e-04,-4.604281348901e-04,6.055365614839e-02
-5.170321157948e-04,-4.787629830658e-04,6.027939620481e-02
-5.269500623086e-04,-4.688127616807e-04,6.364595641480e-02
-5.395323039608e-04,-4.548650822923e-04,6.751773403766e-02
-5.422600727201e-04,-4.663733919428e-04,6.666012180540e-02
-5.552950694749e-04,-4.883864089612e-04,6.328055193990e-02
-5.463159900359e-04,-4.846434262893e-04,5.963564970216e-02
-5.508027867052e-04,-4.822943656717e-04,5.801887160123e-02
-5.550279910125e-04,-4.797462518051e-04,5.958110819392e-02
-5.752197955218e-04,-4.550955969294e-04,5.974936966390e-02
-5.669472295722e-04,-4.637408684279e-04,6.000527463380e-02
-5.617431508114e-04,-4.792779343210e-04,6.190338866509e-02
-5.687542378254e-04,-4.755158595881e-04,6.127783935153e-02
-5.616953905303e-04,-4.702326460620e-04,6.067291481486e-02
-5.808848282669e-04,-4.750062003714e-04,6.266114391633e-02
-5.756313139926e-04,-4.763550191017e-04,6.233639091624e-02
-5.807922325118e-04,-4.938866624807e-04,6.112600856250e-02
-5.853280525514e-04,-4.946664519255e-04,5.991033646615e-02
-5.782448231173e-04,-4.633160524176e-04,5.906287577648e-02
-5.672197778210e-04,-4.682167353341e-04,6.040949097132e-02
-5.728375863043e-04,-4.715041788777e-04,6.423492534122e-02
-5.750850880162e-04,-4.801585967163e-04,6.340092243215e-02
-5.791949545255e-04,-4.774609459415e-04,5.992027683703e-02
-5.784606697006e-04,-4.720704850804e-04,5.657596723449e-02
-5.960866600390e-04,-4.703280387581e-04,5.546326001513e-02
-5.852293244004e-04,-4.717686839951e-04,6.078135463451e-02
-5.894449659678e-04,-4.864171759368e-04,6.455464401461e-02
-5.652361312229e-04,-4.940925364848e-04,6.280685137062e-02
-5.777009533858e-04,-4.809459666865e-04,5.918733102772e-02
-5.951689540780e-04,-4.880931228738e-04,5.863636757522e-02
-5.979052093465e-04,-4.864871425426e-04,6.027854671640e-02
-5.984879804828e-04,-4.844168152293e-04,5.873492094361e-02
-5.874965402484e-04,-4.863188628279e-04,5.891811919446e-02
-5.733731709654e-04,-4.792169371837e-04,5.983503198149e-02
-6.035063581606e-04,-4.761964427163e-04,5.820916341418e-02
-5.784692071984e-04,-4.677069457123e-04,5.904499766893e-02
-5.912932507925e-04,-4.673397979632e-04,5.955835633677e-02
-5.721138922610e-04,-4.861797995711e-04,5.822233474828e-02
-6.087244636461e-04,-4.926109332548e-04,5.598712621395e-02
-5.881326507904e-04,-4.676380228150e-04,5.385726977693e-02
-5.786013490336e-04,-4.737931812902e-04,5.392545347695e-02
-6.039177201842e-04,-4.763322828366e-04,5.926914655061e-02
-5.992397225185e-04,-4.748305331875e-04,5.961775203286e-02
-5.939636344436e-04,-4.587415357294e-04,5.773441817473e-02
-5.961646387789e-04,-4.751899396223e-04,5.671747332053e-02
-6.084881629675e-04,-4.974504521945e-04,5.614106597477e-02
-5.949228407047e-04,-4.660223599005e-04,5.550271526829e-02
-5.984787884188e-04,-4.630145096415e-04,5.554199629114e-02
-5.825098321139e-04,-4.919538809254e-04,5.617637842488e-02
-6.085223449901e-04,-4.744789880845e-04,5.643775956878e-02
-6.168883625435e-04,-4.754868381864e-04,5.654321412430e-02
-6.050569119225e-04,-4.652169932565e-04,5.709711714189e-02
-5.975440375323e-04,-4.632371755190e-04,5.748719816893e-02
-6.042202246022e-04,-4.799237716733e-04,5.744637985546e-02
-6.073739751287e-04,-4.747943542047e-04,5.857690564278e-02
-5.934095384390e-04,-4.836133972493e-04,6.376078887661e-02
-6.060187542829e-04,-4.753756294992e-04,6.790584546047e-02
-5.959776593727e-04,-4.842755699358e-04,6.681147236395e-02
-6.015879073971e-04,-5.004405787030e-04,6.411170924912e-02
-6.153874029167e-04,-4.686973549590e-04,6.158293235785e-02
-5.987367792386e-04,-4.670221185002e-04,5.975420562982e-02
-6.067605945788e-04,-4.673793723048e-04,5.870043116170e-02
-6.054859227049e-04,-4.666730317585e-04,5.822086714761e-02
-6.110302637268e-04,-4.719749450888e-04,5.811692519114e-02
-6.292464824753e-04,-4.668892092614e-04,5.816959336062e-02
-6.016117512502e-04,-4.669875465259e-04,5.829848783287e-02
-6.156345709485e-04,-4.851466344496e-04,5.837716898441e-02
-6.144808797615e-04,-4.594095863246e-04,5.843716753498e-02
-6.016909137969e-04,-4.768883030812e-04,5.847182259731e-02
-6.234048572367e-04,-4.825056023215e-04,5.849914257260e-02
-6.030476970267e-04,-4.810294671820e-04,5.849252557732e-02
-6.238720349785e-04,-4.640768908935e-04,5.848988092330e-02
-6.361170059819e-04,-4.722200871761e-04,5.846494896832e-02
-6.251074064920e-04,-4.850646289192e-04,5.848906961546e-02
-5.947945810902e-04,-4.773701916434e-04,5.847528204436e-02
-6.244923288676e-04,-4.719860419023e-04,5.848597457498e-02
-6.008335986252e-04,-4.728599844562e-04,5.846263542298e-02
-6.125009054330e-04,-4.600588915487e-04,5.848282622719e-02
-6.152146449239e-04,-4.646421445791e-04,5.848824749137e-02
-6.096424702235e-04,-4.672324791677e-04,5.847303900646e-02
-6.131229460067e-04,-4.647961784208e-04,5.849342976944e-02
-6.068754142206e-04,-4.720508352143e-04,5.847519090162e-02
-6.038665069781e-04,-4.713603136402e-04,5.848443227706e-02
-6.168451614457e-04,-4.609043778323e-04,5.847598165997e-02
-6.097695514171e-04,-4.789861658033e-04,5.847877555976e-02
-6.047985380491e-04,-4.968175423706e-04,5.846827923688e-02
-6.145452877462e-04,-4.764294295406e-04,5.848100036110e-02
-6.137768280752e-04,-4.669665474644e-04,5.846469350490e-02
-6.120141522814e-04,-5.005878144580e-04,5.847143793653e-02
-6.088152941146e-04,-4.620580627666e-04,5.848455768501e-02
-6.090797988207e-04,-4.739398095531e-04,5.847376056909e-02
-6.415233838624e-04,-4.842043469758e-04,5.847487633264e-02
-6.004551251380e-04,-4.799336774973e-04,5.849012667113e-02
-6.287131582638e-04,-4.629923275566e-04,5.846837552235e-02
-6.239156601140e-04,-4.642437649814e-04,5.849011435203e-02
-6.150827507980e-04,-4.766800669536e-04,5.846977140118e-02
-5.873449481868e-04,-4.625774670053e-04,5.847427724621e-02
-6.245885415836e-04,-4.871387925228e-04,5.847524072692e-02
-6.190106164894e-04,-4.757555675219e-04,5.849204887545e-02
-6.041915067243e-04,-4.856620468850e-04,5.847465893635e-02
-6.019289140085e-04,-4.907310210179e-04,5.848142056493e-02
-6.130288582398e-04,-4.692718609654e-04,5.848460990910e-02
-5.933385091765e-04,-4.883212575073e-04,5.847300954974e-02
-6.023719816284e-04,-4.772410221399e-04,5.847806417178e-02
-6.097671999186e-04,-4.637041044766e-04,5.848233768302e-02
-6.065236662351e-04,-4.726977064998e-04,5.848800190142e-02
-6.299688030111e-04,-4.928956393265e-04,5.848550959672e-02
-6.205600089260e-04,-4.896836614712e-04,5.847320230214e-02
-6.275472069746e-04,-4.929901085411e-04,5.848886713102e-02
-6.067001359469e-04,-4.850195238937e-04,5.846020157151e-02
-6.124080817784e-04,-4.836256509584e-04,5.847613687888e-02
-6.003326825947e-04,-5.070925951436e-04,5.849264965309e-02
-6.157192340623e-04,-5.049868493366e-04,5.849042575028e-02
-6.083993403507e-04,-4.834233897959e-04,5.847494757995e-02
-6.154879052218e-04,-4.652310851448e-04,5.845504192985e-02
-6.186587711881e-04,-4.508344506753e-04,5.849075123297e-02
-6.181943586370e-04,-4.875063438881e-04,5.847438210412e-02
-6.124105749876e-04,-4.821843997156e-04,5.847246353778e-02
-6.040805920264e-04,-4.792152155638e-04,5.847613140918e-02
-6.325552567858e-04,-4.736264477010e-04,5.849526502789e-02
-6.123962540840e-04,-4.805053156083e-04,5.848553943770e-02
-6.183492824192e-04,-4.832044471364e-04,5.846601521353e-02
-6.012524909664e-04,-4.700948918249e-04,5.847964930342e-02
-6.198746309991e-04,-4.594256376727e-04,5.846482468223e-02
-6.221331741898e-04,-4.711380586009e-04,5.847745135617e-02
-6.201012015907e-04,-4.997196271866e-04,5.847354420075e-02
-5.916876089458e-04,-4.733206567103e-04,5.847078036641e-02
-6.220565583561e-04,-4.960825596932e-04,5.848289188634e-02
-6.267164463196e-04,-4.765403752181e-04,5.847170209836e-02
-6.213283323149e-04,-4.763272453097e-04,5.847419344536e-02
-6.141889971758e-04,-4.751759115329e-04,5.847670067635e-02
-6.260442842603e-04,-4.762498207079e-04,5.849229457453e-02
-6.072394385654e-04,-4.970785364272e-04,5.845205230617e-02
-6.199351578715e-04,-4.770499989497e-04,5.848047162840e-02
-6.260190066740e-04,-4.831665125671e-04,5.846884893526e-02
-6.206280786927e-04,-4.683541935442e-04,5.847038243246e-02
-6.177658088262e-04,-4.841149381896e-04,5.847221135446e-02
-5.941159106868e-04,-4.736943119219e-04,5.847151012813e-02
-6.188184088813e-04,-4.673163527691e-04,5.849022872644e-02
-6.163455287123e-04,-4.640914882835e-04,5.845472539659e-02
-6.109246576642e-04,-4.727768893822e-04,5.849045301238e-02
-6.070788090682e-04,-4.896402940354e-04,5.845596859763e-02
-6.142267244371e-04,-4.696224147843e-04,5.848061021925e-02
-6.312935293380e-04,-4.775477887485e-04,5.848192482244e-02
-6.316778581521e-04,-4.699709386109e-04,5.847241422634e-02
-6.103168052931e-04,-4.554701378943e-04,5.847560424445e-02
-6.190921517799e-04,-4.825608245660e-04,5.848193306974e-02
-6.224496683416e-04,-4.588590643102e-04,5.848532903292e-02
-6.062428638387e-04,-4.768855139055e-04,5.847387282847e-02
-6.119451018520e-04,-4.754889054944e-04,5.849187516742e-02
-6.249215530687e-04,-4.637451417871e-04,5.847442383720e-02
-6.144839618827e-04,-5.038103178954e-04,5.848438573958e-02
-6.058312956583e-04,-4.797126425451e-04,5.848603493541e-02
-6.216843922147e-04,-4.808977489297e-04,5.847750777428e-02
-6.051012506276e-04,-4.762827292957e-04,5.847184426420e-02
-6.196153440641e-04,-4.924174643016e-04,5.847570986884e-02
-6.015679219189e-04,-4.940692949454e-04,5.845850372134e-02
-6.206163048290e-04,-4.833298514491e-04,5.848641691318e-02
-6.098644553703e-04,-4.729503509402e-04,5.849423837390e-02
-6.055714875828e-04,-4.703764013534e-04,5.846675159228e-02
-5.988529328960e-04,-4.754748894989e-04,5.845865008087e-02
-6.386492350856e-04,-4.865113121191e-04,5.846479106185e-02
-6.056411603339e-04,-4.824590962194e-04,5.846428725636e-02
-6.082489503996e-04,-4.748104902042e-04,5.846632349767e-02
-5.955959878037e-04,-4.666581323541e-04,5.847477533803e-02
-6.254062964643e-04,-4.819148072961e-04,5.848343670095e-02
-6.143835902748e-04,-4.806863671270e-04,5.849150946960e-02
-6.035442402634e-04,-4.618327118074e-04,5.848280836562e-02
-5.997697581250e-04,-4.876498021254e-04,5.848507381097e-02
-6.132775019339e-04,-4.784280417603e-04,5.847760480586e-02
-6.281420110525e-04,-4.818722329396e-04,5.848330150138e-02
-6.086921044215e-04,-4.907889585588e-04,5.848000536048e-02
-6.083393337093e-04,-4.817238293249e-04,5.846499812014e-02
-6.062431498748e-04,-4.759399033396e-04,5.846981228660e-02
-6.132743178640e-04,-4.983887217527e-04,5.848712245461e-02
-6.275648784566e-04,-4.604079065025e-04,5.848584626619e-02
-6.101531376288e-04,-4.668373373711e-04,5.847268192110e-02
-6.113644142687e-04,-4.924611418751e-04,5.848104575603e-02
-6.131360932358e-04,-4.768820733439e-04,5.848504206961e-02
-6.224354429349e-04,-4.914036250916e-04,5.846610801018e-02
-6.072365018071e-04,-4.820234487120e-04,5.845956257144e-02
-6.171578805123e-04,-4.876130403495e-04,5.847534859481e-02
-6.094335085862e-04,-4.755380874435e-04,5.849782426048e-02
-6.148640637065e-04,-4.747816032882e-04,5.847987485754e-02
-6.098447336598e-04,-4.701899758579e-04,5.847272002575e-02
-6.140403016701e-04,-4.696750808939e-04,5.846416085933e-02
-5.963639396640e-04,-4.842500031550e-04,5.846883684171e-02
-6.065962157180e-04,-4.872013484778e-04,5.847106950750e-02
-6.265050233623e-04,-4.977454215982e-04,5.847321150759e-02
-6.135096070921e-04,-4.777564271883e-04,5.847901373374e-02
-6.109214919405e-04,-4.706398269441e-04,5.846891842066e-02
-6.171809405231e-04,-4.705320836543e-04,5.847189680253e-02
-6.003448834662e-04,-4.773611821996e-04,5.847847831166e-02
-6.028860253053e-04,-4.923726389457e-04,5.848440147247e-02
-6.129030557958e-04,-4.894877617694e-04,5.848561743142e-02
-6.243287371461e-04,-4.831357043436e-04,5.848095070041e-02
-6.256056667979e-04,-4.799423499840e-04,5.848633566529e-02
-6.430622707256e-04,-4.726042863872e-04,5.847837584608e-02
-6.078233146098e-04,-4.814460132543e-04,5.848047684844e-02
-6.098829790488e-04,-4.754280120956e-04,5.848356938213e-02
-6.036765599191e-04,-4.795408021614e-04,5.847870813602e-02
-6.290151014099e-04,-4.728463461284e-04,5.848608721953e-02
-6.143050402869e-04,-4.813562470368e-04,5.847958563800e-02
-6.007665415808e-04,-4.831569610538e-04,5.847219465250e-02
-6.088214550317e-04,-4.721632960532e-04,5.847332713574e-02
-6.008572882337e-04,-4.672012662191e-04,5.847651914200e-02
-6.178963222254e-04,-4.670866626107e-04,5.847326685580e-02
-6.147646139851e-04,-4.807277530013e-04,5.848283932528e-02
-6.180990445017e-04,-4.701713225764e-04,5.846919187570e-02
-6.010220177330e-04,-4.882692716997e-04,5.847732759793e-02
-6.036256527722e-04,-4.804471763869e-04,5.847853756899e-02
-6.063115911701e-04,-4.721141314981e-04,5.847440562184e-02
-6.105663633633e-04,-4.928211317015e-04,5.847580449017e-02
-6.200699954633e-04,-4.783197182697e-04,5.849342971851e-02
-6.129844918092e-04,-4.756122399108e-04,5.850270128576e-02
-6.090556330918e-04,-4.946615797230e-04,5.847945432618e-02
-6.333304409480e-04,-4.640813656074e-04,5.848618758591e-02
-6.124083452477e-04,-4.855522817884e-04,5.848867053101e-02
-6.193430768207e-04,-4.758130570231e-04,5.848039870398e-02
-6.031123703423e-04,-4.779561699884e-04,5.848408680322e-02
-6.353341687344e-04,-4.934726482311e-04,5.848219706013e-02
-6.119636080228e-04,-4.825656148746e-04,5.847137781029e-02
-5.999479272276e-04,-4.762633052174e-04,5.846076613489e-02
-5.971335067869e-04,-4.672887796183e-04,5.848766519557e-02
-6.053911538828e-04,-4.641330230875e-04,5.846649375235e-02
-6.140314084604e-04,-4.847329780382e-04,5.846823254797e-02
-6.171042926297e-04,-4.937431319554e-04,5.848435151256e-02
-6.029841752451e-04,-4.763788330997e-04,5.844086505385e-02
-6.133574232985e-04,-4.753422749395e-04,5.847237496073e-02
-6.141179809873e-04,-4.869398642036e-04,5.848277985069e-02
-6.153741040151e-04,-4.861346621688e-04,5.846799672145e-02
-6.245988152358e-04,-4.817595765594e-04,5.846695302989e-02
-5.998638353475e-04,-4.757572179137e-04,5.846496859522e-02
-5.968706864650e-04,-4.898711465280e-04,5.847297629816e-02
-5.840113627045e-04,-4.785485346879e-04,5.848187013544e-02
-6.228090679059e-04,-4.521743855726e-04,5.846909789125e-02
-6.210857091418e-04,-4.772849533630e-04,5.847075894826e-02
-6.207196625354e-04,-4.678890524879e-04,5.848861490813e-02
-6.156734919358e-04,-4.707222790053e-04,5.845635098922e-02
-6.152194511486e-04,-4.857341106977e-04,5.849055591898e-02
-6.053815778131e-04,-4.895374065377e-04,5.848425664999e-02
-6.259918391578e-04,-4.654705360004e-04,5.848804650122e-02
-5.987952763888e-04,-4.704384902830e-04,5.848995165798e-02
-6.185634302227e-04,-4.765330816959e-04,5.848092061365e-02
-6.153183319810e-04,-4.709118386195e-04,5.847464450721e-02
-6.239885888562e-04,-4.719767032107e-04,5.848605673782e-02
-5.976637149132e-04,-4.721802285708e-04,5.847230504151e-02
-5.990380587235e-04,-4.805646810560e-04,5.847582377260e-02
-6.121377601147e-04,-4.824494091913e-04,5.848214795151e-02
-6.219108163776e-04,-4.748070011551e-04,5.847338443937e-02
-6.073999311837e-04,-4.850088637063e-04,5.848244854315e-02
-6.264632011579e-04,-4.805223063336e-04,5.847480451871e-02
-6.052691151552e-04,-4.634157491814e-04,5.846532309624e-02
-6.006572803443e-04,-4.872722044816e-04,5.847035415809e-02
-6.074926173341e-04,-4.862459097417e-04,5.848845596574e-02
-6.070364729993e-04,-4.604804659898e-04,5.849175141884e-02
-6.115108462126e-04,-5.007541155642e-04,5.847876896047e-02
-6.166354640271e-04,-4.682780979415e-04,5.849202081390e-02
-6.074202088229e-04,-4.669127526718e-04,5.848230988113e-02
-6.011296264177e-04,-4.763555832319e-04,5.846317987016e-02
-6.091958457972e-04,-4.686913459587e-04,5.848085041112e-02
-6.132917013737e-04,-4.906797473446e-04,5.848030855122e-02
-6.238789710977e-04,-4.603496970226e-04,5.848389633957e-02
-6.146067568551e-04,-4.932681774513e-04,5.847905229075e-02
-6.325647682814e-04,-4.708700650731e-04,5.847921643442e-02
-6.205493419174e-04,-4.720480871761e-04,5.846825417666e-02
-6.445202271124e-04,-4.881970478159e-04,5.846932580243e-02
-6.111275547909e-04,-4.830825148197e-04,5.848072077879e-02
-6.347367107509e-04,-4.685409337249e-04,5.846148522323e-02
-6.184002750587e-04,-4.772006349903e-04,5.845615172802e-02
-6.236158151722e-04,-4.596894184210e-04,5.847813045720e-02
-6.086636363278e-04,-4.764452679360e-04,5.847080209924e-02
-5.932842760075e-04,-4.742334965336e-04,5.847337979912e-02
-6.184211684257e-04,-4.734760893548e-04,5.847526304933e-02
-5.852474242118e-04,-4.805596035744e-04,5.848142808259e-02
-6.156657678247e-04,-4.745514056317e-04,5.846850007947e-02
-6.210709062060e-04,-4.586005477172e-04,5.849236759605e-02
-6.131853364764e-04,-4.688652940963e-04,5.847448554823e-02
-6.281544793154e-04,-4.553677760846e-04,5.847609285865e-02
-6.133607481971e-04,-4.756420533745e-04,5.846450409808e-02
-6.032320671210e-04,-4.806746876234e-04,5.846971976644e-02
-6.145044841759e-04,-4.737585556718e-04,5.848922851874e-02
-6.249114585870e-04,-4.674438966681e-04,5.847106720557e-02
-6.169359196946e-04,-4.936139273191e-04,5.848323264991e-02
-6.182680390765e-04,-4.505858985063e-04,5.847678334942e-02
-6.001361562511e-04,-4.697884366756e-04,5.848130695131e-02
-6.044131232983e-04,-4.723054123311e-04,5.847531644622e-02
-6.277130478765e-04,-4.770002927053e-04,5.846822148123e-02
-5.916893915554e-04,-4.659274197543e-04,5.847554638058e-02
-6.196637855709e-04,-4.788591714664e-04,5.847761160848e-02
-6.166383946464e-04,-4.836604077532e-04,5.847657400079e-02
-6.167864844855e-04,-4.866024380313e-04,5.848089678739e-02
-6.214486148082e-04,-4.731277001333e-04,5.849068869429e-02
-6.011109990567e-04,-4.902364168807e-04,5.847212556228e-02
-6.161347194364e-04,-4.710067030096e-04,5.847551551301e-02
-5.974092237437e-04,-4.854997921207e-04,5.845499856332e-02
-6.408459303628e-04,-4.709103861565e-04,5.847372542758e-02
-6.152611709211e-04,-4.703796223289e-04,5.848393595306e-02
-6.135976820332e-04,-4.818154536402e-04,5.848319998358e-02
-6.078514293648e-04,-4.967179963565e-04,5.848655576210e-02
-6.200858761503e-04,-4.792529273068e-04,5.848339203067e-02
-6.286046009762e-04,-4.805018802195e-04,5.848082161447e-02
-6.211292084544e-04,-4.701510449372e-04,5.846516269958e-02
-6.051434384489e-04,-4.748229063985e-04,5.847995530655e-02
-6.196453346519e-04,-4.742963178337e-04,5.847525956278e-02
-6.110242839412e-04,-4.776725339191e-04,5.847591223073e-02
-6.269381174633e-04,-4.847224501823e-04,5.849226796909e-02
-6.193469162525e-04,-4.649689996945e-04,5.847118078827e-02
-6.046014105294e-04,-4.770771503509e-04,5.848639582746e-02
-5.934729743302e-04,-4.812151439360e-04,5.846955466222e-02
-6.007922702764e-04,-4.884646284331e-04,5.848279325346e-02
-6.024430077076e-04,-4.586929596549e-04,5.847358431902e-02
-6.051529554014e-04,-4.639221158136e-04,5.849794300048e-02
-6.315385017359e-04,-4.795521246884e-04,5.846978424506e-02
-6.257631494435e-04,-4.726383797056e-04,5.848773604794e-02
-6.208884970391e-04,-4.882609289048e-04,5.848753778992e-02
-6.347752369464e-04,-4.630583941612e-04,5.846754731920e-02
-6.157718976709e-04,-4.754715016311e-04,5.849697966732e-02
-6.224205672396e-04,-4.798011236467e-04,5.846700709390e-02
-6.032620768082e-04,-4.667371101455e-04,5.846824081709e-02
-6.208087307158e-04,-4.742579612589e-04,5.846993324667e-02
-6.381077783288e-04,-4.766417198716e-04,5.848289532059e-02
-6.186066125764e-04,-4.719285704773e-04,5.848301620154e-02
-5.982958874000e-04,-4.634968615569e-04,5.847644138657e-02
-6.187547187864e-04,-4.801635984400e-04,5.848267505735e-02
-6.127081938843e-04,-4.959458517256e-04,5.848605565370e-02
-6.210669999263e-04,-4.870316022057e-04,5.847466865634e-02
-6.287516298897e-04,-4.823992082670e-04,5.847085908181e-02
-6.200093580873e-04,-4.870517320519e-04,5.849372695411e-02
-6.092869776211e-04,-4.738304180314e-04,5.847025610183e-02
-6.211492136998e-04,-4.757431483718e-04,5.845911184042e-02
-6.224225208342e-04,-4.740172655325e-04,5.848384802766e-02
-6.023058004274e-04,-4.858873605549e-04,5.846004841260e-02
-6.290727870208e-04,-4.678564934871e-04,5.847119629243e-02
-6.091013420217e-04,-4.799710067978e-04,5.846827519963e-02
-6.101981212367e-04,-4.809762319560e-04,5.846755904440e-02
-6.174731634445e-04,-4.892478316101e-04,5.849122542077e-02
-6.209715016183e-04,-4.756943335174e-04,5.847190962777e-02
-6.115251277805e-04,-4.798665440553e-04,5.845408278947e-02
-6.121044627179e-04,-4.623917218119e-04,5.848127122545e-02
-6.021512663636e-04,-4.778105230805e-04,5.848764740222e-02
-6.012886934030e-04,-4.689844779200e-04,5.848069580384e-02
-6.177014079611e-04,-4.837704966299e-04,5.848298184219e-02
-6.116062614154e-04,-4.711439448506e-04,5.847852976504e-02
-6.116366973146e-04,-5.051159029968e-04,5.845116981436e-02
-6.215627363844e-04,-4.758352289123e-04,5.849100545856e-02
-6.065889047449e-04,-4.937499076910e-04,5.846262537852e-02
-6.309354521790e-04,-4.697784613377e-04,5.846594914601e-02
-6.119895416958e-04,-4.857802821057e-04,5.847588281767e-02
-6.108526720681e-04,-4.858054896609e-04,5.848490666449e-02
-6.219599500099e-04,-4.827376758108e-04,5.848326002024e-02
-6.136190333024e-04,-4.789692255549e-04,5.848006087649e-02
-6.063365463405e-04,-4.792825199907e-04,5.846402946099e-02
-6.152846613503e-04,-4.698765603457e-04,5.845871215206e-02
-6.042195446270e-04,-4.785230288185e-04,5.846517495411e-02
-6.171581608641e-04,-4.895565950569e-04,5.847261877352e-02
-6.148700371540e-04,-4.765297155423e-04,5.847621012356e-02
-6.054647447371e-04,-4.752957238175e-04,5.847869479118e-02
-6.056011953177e-04,-4.775864410512e-04,5.846546407338e-02
-6.118813243319e-04,-4.610550974753e-04,5.848343744537e-02
-6.160113053255e-04,-4.728148403224e-04,5.847835968987e-02
-6.209753819775e-04,-4.794176893206e-04,5.846634839509e-02
-6.047426941649e-04,-4.853358111355e-04,5.850094729976e-02
-6.182590077941e-04,-4.781641048631e-04,5.848361081917e-02
-5.948263442832e-04,-4.932824492421e-04,5.847279358068e-02
-6.204652841433e-04,-4.866599099110e-04,5.849101101012e-02
-6.277002094492e-04,-4.898935364686e-04,5.846428218865e-02
-6.032720830689e-04,-4.747584102638e-04,5.849257540194e-02
-6.295419571387e-04,-4.506380143717e-04,5.847053252273e-02
-6.125801157140e-04,-4.855383938043e-04,5.846552834282e-02
-6.228643151616e-04,-4.791009053811e-04,5.847680285012e-02
-6.220540259108e-04,-4.771795651102e-04,5.850701093004e-02
-6.097197723847e-04,-4.708080196621e-04,5.831291861432e-02
-6.216296247601e-04,-4.711445953509e-04,5.735307171483e-02
-6.205074660812e-04,-4.908671801533e-04,5.568679436988e-02
-6.139876607989e-04,-4.772812473869e-04,5.644587073084e-02
-6.034114970248e-04,-4.541844744550e-04,5.906021127339e-02
-6.274832847311e-04,-4.742936480920e-04,5.834543309311e-02
-6.214586394009e-04,-4.688782676697e-04,5.606013999795e-02
-6.257377732055e-04,-4.663610105772e-04,5.411587346998e-02
-6.217293570359e-04,-4.945172423613e-04,5.400083118093e-02
-6.097956335793e-04,-4.625284814488e-04,5.440946960016e-02
-6.363835987742e-04,-4.800435156735e-04,5.470039360989e-02
-6.251709217366e-04,-4.978171655321e-04,5.522353322067e-02
-6.124948014872e-04,-4.663106429534e-04,5.551953343638e-02
-6.332735431727e-04,-4.864255913513e-04,5.598376088528e-02
-6.306900272222e-04,-4.708074846831e-04,5.670425756307e-02
-6.367223872701e-04,-4.902553380035e-04,5.733877798813e-02
-6.536633464975e-04,-4.771848993010e-04,5.784494931504e-02
-6.264812305119e-04,-4.621136786458e-04,5.863784975645e-02
-6.338467264868e-04,-4.823814538309e-04,5.951576237294e-02
-6.268788613397e-04,-4.915465222109e-04,6.038403533466e-02
-6.313411082317e-04,-4.757830318324e-04,6.097613257907e-02
-6.501654947044e-04,-4.724027132894e-04,6.561276934008e-02
-6.282273629949e-04,-4.948664286916e-04,6.771461331118e-02
-6.275282291739e-04,-4.806487643901e-04,6.589664888270e-02
-6.642953427729e-04,-4.699390699733e-04,6.320020063049e-02
-6.458667449323e-04,-4.771494278122e-04,6.088963335878e-02
-6.558283596405e-04,-4.754159465962e-04,5.937048326632e-02
-6.416978069979e-04,-4.792908102143e-04,5.816170074058e-02
-6.607447160860e-04,-4.699667284046e-04,5.669718057607e-02
-6.276519146269e-04,-4.784601712097e-04,5.484376232016e-02
-6.501017194864e-04,-4.650538113486e-04,5.588279985932e-02
-6.487766841303e-04,-4.740949332923e-04,5.908346287742e-02
-6.438371474644e-04,-4.728979284881e-04,5.855425112713e-02
-6.529778912636e-04,-4.847052799098e-04,5.624171009640e-02
-6.729099070100e-04,-4.946532617712e-04,5.622483845036e-02
-6.358629381822e-04,-4.881396154119e-04,6.001975812251e-02
-6.484896556174e-04,-4.646108057073e-04,5.924328410356e-02
-6.446237991042e-04,-4.803858981469e-04,5.955200332892e-02
-6.243592386994e-04,-4.794066748783e-04,6.072669823925e-02
-6.421867676067e-04,-4.808292915442e-04,5.905247029114e-02
-6.502735981542e-04,-4.750736351882e-04,5.626208335252e-02
-6.465070561035e-04,-4.825446459512e-04,5.629676688659e-02
-6.490197215783e-04,-4.942598399473e-04,5.972764598664e-02
-6.510530963624e-04,-4.826360549699e-04,5.874496526121e-02
-6.512430195187e-04,-4.603160321850e-04,5.942807479823e-02
-6.675369327951e-04,-4.517491584663e-04,6.048293556341e-02
-6.357357808326e-04,-4.620779860025e-04,5.891782301387e-02
-6.686633272182e-04,-4.662865742156e-04,5.926298105260e-02
-6.391189962756e-04,-4.831769395372e-04,5.967180376683e-02
-6.605708922507e-04,-5.033214660189e-04,5.829420396640e-02
-6.575405625711e-04,-4.711164564356e-04,5.581375246538e-02
-6.687118434172e-04,-4.700672366277e-04,5.627818306675e-02
-6.495056946250e-04,-4.634708487828e-04,5.938513087995e-02
-6.289097750454e-04,-4.644882386093e-04,5.872941223424e-02
-6.444922144766e-04,-4.723111442897e-04,5.924720714688e-02
-6.497121841136e-04,-4.823356180162e-04,6.014193984174e-02
-6.473077105795e-04,-4.749049213527e-04,5.874191194175e-02
-6.476162008795e-04,-4.893812229893e-04,5.627164149155e-02
-6.623523858593e-04,-4.797374870747e-04,5.634341506220e-02
-6.533918999025e-04,-4.811689502422e-04,5.955779992951e-02
-6.532951474156e-04,-4.664230414720e-04,5.879745537277e-02
-6.756028366368e-04,-4.720591165729e-04,5.926502253169e-02
-6.509631417373e-04,-4.780745403220e-04,6.020640149382e-02
-6.598663687072e-04,-4.630677237477e-04,5.868366036793e-02
-6.545104620059e-04,-4.671034710643e-04,5.910689239863e-02
-6.515669651890e-04,-4.690064924147e-04,5.957049383323e-02
-6.587399828106e-04,-4.940339790727e-04,5.813888717057e-02
-6.781252509143e-04,-4.714220819139e-04,5.575443194721e-02
-6.852293088002e-04,-4.596771418131e-04,5.628078376321e-02
-6.482739596123e-04,-4.843150843602e-04,5.941531384269e-02
-6.532008553535e-04,-4.791936637442e-04,5.870026750995e-02
-6.644159430778e-04,-4.712031413496e-04,5.950226500016e-02
-6.632357855096e-04,-4.748818114292e-04,6.019803640447e-02
-6.698683973383e-04,-4.852199480862e-04,5.857014742469e-02
-6.661604780760e-04,-4.750101432966e-04,5.899282385553e-02
-6.533279742342e-04,-4.737657420715e-04,5.952311580131e-02
-6.541644624463e-04,-4.832910232220e-04,5.820080537524e-02
-6.542965115699e-04,-4.922938182222e-04,5.598670421887e-02
-6.650076967674e-04,-4.812498310005e-04,5.377638581831e-02
-6.570150214316e-04,-4.917111949415e-04,5.253794527471e-02
-6.683783413735e-04,-4.957115513908e-04,5.218314773720e-02
-6.542848381912e-04,-4.610593521304e-04,5.339772638445e-02
-6.748348396854e-04,-4.916617090244e-04,5.973159711994e-02
-6.540960745269e-04,-4.767739249263e-04,6.597452729375e-02
-6.749502277330e-04,-4.660038387174e-04,6.620823533490e-02
-6.633164027505e-04,-4.724586674808e-04,6.413813910103e-02
-6.651894784098e-04,-4.836704946135e-04,6.140963000144e-02
-6.765496438987e-04,-4.643339448218e-04,5.828188716375e-02
-6.520107836252e-04,-4.754077214455e-04,5.505977873054e-02
-6.591101055449e-04,-4.710247121640e-04,5.277379690324e-02
-6.776635260621e-04,-4.837732828928e-04,5.188450708010e-02
-6.621953682071e-04,-4.785984256901e-04,5.296363476737e-02
-6.760313919045e-04,-4.729618476344e-04,5.782056541830e-02
-6.646629143603e-04,-4.613513009895e-04,5.858935260676e-02
-6.905162467206e-04,-4.884245917173e-04,5.811734285999e-02
-6.895478599205e-04,-4.720118306579e-04,5.819957986569e-02
-6.774157253631e-04,-4.851283235644e-04,5.767541778141e-02
-6.943794128489e-04,-4.884911237234e-04,5.767325657689e-02
-6.628842899801e-04,-4.622742400359e-04,6.289179190480e-02
-6.851386188629e-04,-4.695849484086e-04,6.577332059896e-02
-6.636589131688e-04,-4.678065419543e-04,6.476079728236e-02
-6.784929590395e-04,-4.945211803313e-04,6.264625503627e-02
-6.670705778475e-04,-4.915071620773e-04,6.071340673952e-02
-6.843822401521e-04,-4.861431114770e-04,5.934473400566e-02
-6.818778536939e-04,-4.886243151422e-04,5.857902489151e-02
-6.732756184675e-04,-4.695694110554e-04,5.824643243977e-02
-6.659328822423e-04,-4.777645971558e-04,5.820117973417e-02
-6.793554524904e-04,-4.598349877228e-04,5.825814489890e-02
-6.976546736155e-04,-4.697430881325e-04,5.837156177404e-02
-6.802328463067e-04,-4.773785890080e-04,5.840281868677e-02
-6.807478146840e-04,-4.766920808720e-04,5.846396587663e-02
-6.723855024546e-04,-4.560017437484e-04,5.849077244147e-02
-6.789882140907e-04,-4.599119688805e-04,5.848191933273e-02
-6.679202323880e-04,-4.934269077580e-04,5.848843234753e-02
-6.760628296547e-04,-4.595170692712e-04,5.851962133966e-02
-6.778075842107e-04,-4.743847853605e-04,5.830528716069e-02
-6.807644548275e-04,-4.833201887094e-04,5.742339672906e-02
-6.862086810173e-04,-4.770729294773e-04,5.813134511527e-02
-6.765591671183e-04,-4.725269089377e-04,5.879272689117e-02
-6.755369557254e-04,-4.737796309926e-04,5.894857041682e-02
-6.926295509970e-04,-4.843909279499e-04,5.887190072190e-02
-6.776973894489e-04,-5.080892908505e-04,5.874383218725e-02
-6.931234399303e-04,-4.887179723235e-04,5.861468186276e-02
-6.752029211157e-04,-4.824913667626e-04,5.851881677154e-02
-6.852481703277e-04,-4.721079248931e-04,5.847558098662e-02
-6.694086530246e-04,-4.765423010133e-04,5.847544083645e-02
-6.636680219287e-04,-4.739880408499e-04,5.845563979915e-02
-6.888107249097e-04,-4.901814775997e-04,5.844399795387e-02
-6.967971522016e-04,-4.767824017029e-04,5.847104976510e-02
-6.772817196747e-04,-4.913980804679e-04,5.846978694899e-02
-6.972515581651e-04,-4.826322168276e-04,5.847502092797e-02
-6.758950027574e-04,-4.884369803597e-04,5.848121782515e-02
-6.701301069256e-04,-4.763131106222e-04,5.848225714499e-02
-6.817223963367e-04,-4.813289986862e-04,5.848185424384e-02
-6.686614212299e-04,-4.792589747615e-04,5.848691337451e-02
-6.751063889965e-04,-4.911334356996e-04,5.847609943316e-02
-6.866400228205e-04,-4.787305313248e-04,5.848960795902e-02
-6.894929262558e-04,-4.768961515231e-04,5.847075382917e-02
-6.813724627932e-04,-4.628990266986e-04,5.847000320773e-02
-6.863292912271e-04,-4.826949906067e-04,5.847667017940e-02
-6.891119916759e-04,-4.758461282938e-04,5.848153326974e-02
-6.817164186828e-04,-4.755488619969e-04,5.845984975895e-02
-6.894696522863e-04,-4.805883130223e-04,5.848233781126e-02
-6.927951814646e-04,-4.791799147176e-04,5.847974470055e-02
-6.565410182588e-04,-4.734169964115e-04,5.848103600943e-02
-6.846107928027e-04,-4.795845204888e-04,5.847934921252e-02
-6.762094005239e-04,-4.894883817008e-04,5.845296007101e-02
-6.800615739166e-04,-5.003890622368e-04,5.847116703899e-02
-6.786631881539e-04,-4.757587729193e-04,5.845567001415e-02
-6.798594556585e-04,-4.841614071131e-04,5.847357919629e-02
-6.781235949234e-04,-4.905906510806e-04,5.847047556381e-02
-6.739428492324e-04,-4.703599909965e-04,5.849842471434e-02
-6.788309750618e-04,-4.730067801950e-04,5.849010802194e-02
-6.834981360839e-04,-4.616797617393e-04,5.848957731087e-02
-6.829080732018e-04,-4.824080072842e-04,5.849916149236e-02
-6.831821630726e-04,-4.873343881093e-04,5.847575536200e-02
-6.865940378589e-04,-4.762311721982e-04,5.848157592982e-02
-6.667642580283e-04,-4.642684474141e-04,5.848479636188e-02
-6.640955641046e-04,-4.752298226242e-04,5.847656596609e-02
-6.813019617198e-04,-4.780953314287e-04,5.847363876728e-02
-6.793915271146e-04,-4.755902972113e-04,5.848400805962e-02
-6.778208418723e-04,-4.957243184811e-04,5.846924755951e-02
-6.741788012619e-04,-4.852112072888e-04,5.848931624223e-02
-6.714457492194e-04,-4.799512845159e-04,5.848220925213e-02
-6.778974275790e-04,-4.891085112297e-04,5.846997942353e-02
-6.631966659256e-04,-4.906960105848e-04,5.848455052455e-02
-6.786254279518e-04,-4.687111771466e-04,5.845751037486e-02
-6.893730430306e-04,-4.819111107656e-04,5.847880992278e-02
-6.804298223528e-04,-4.746332309344e-04,5.848689730919e-02
-6.868033221394e-04,-4.793057667291e-04,5.848255924138e-02
-6.803695280837e-04,-4.699023669139e-04,5.848009121303e-02
-6.744314634375e-04,-4.779184510801e-04,5.847211183345e-02
-6.715535143371e-04,-4.834834543010e-04,5.847373614461e-02
-6.998650821401e-04,-4.561242297689e-04,5.849081092219e-02
-6.651144864804e-04,-4.722335441704e-04,5.847650346391e-02
-6.818916414773e-04,-4.902714975663e-04,5.848223479097e-02
-6.547323843620e-04,-4.834245313225e-04,5.848798280749e-02
-6.715386013525e-04,-4.874913341530e-04,5.848750013683e-02
-6.868806229647e-04,-4.827095978080e-04,5.849618062439e-02
-6.888986709583e-04,-4.748123937966e-04,5.828771813503e-02
-6.847769041229e-04,-4.706654468626e-04,5.739978491329e-02
-6.807466384373e-04,-4.842872024020e-04,5.557632768614e-02
-6.976590194654e-04,-4.770334095556e-04,5.362751866960e-02
-6.641689376607e-04,-4.999948514942e-04,5.244768404100e-02
-6.843375161054e-04,-4.712844744136e-04,5.216475450106e-02
-6.807498071169e-04,-4.803448441855e-04,5.245647646939e-02
-6.863340778978e-04,-4.614683347661e-04,5.399782402446e-02
-6.892633462030e-04,-4.969231290482e-04,5.758922445784e-02
-7.105173882707e-04,-4.720461040694e-04,6.537048355904e-02
-7.054714398294e-04,-4.736430745600e-04,6.814661843038e-02
-6.937918941787e-04,-4.860940683833e-04,6.642663846378e-02
-6.824619514845e-04,-4.871787332966e-04,6.363036175571e-02
-6.875955948544e-04,-5.003868422321e-04,6.115343851866e-02
-6.924635270167e-04,-4.841423268017e-04,5.947097831995e-02
-6.796531419724e-04,-4.993242271695e-04,5.855185603446e-02
-6.920445078862e-04,-4.762577228302e-04,5.815660131020e-02
-6.877122497286e-04,-4.688503203945e-04,5.811626370973e-02
-7.005343157545e-04,-4.685526560971e-04,5.818336324228e-02
-6.955867886091e-04,-4.672985735067e-04,5.830585453805e-02
-7.082952021307e-04,-4.866046356269e-04,5.839463349821e-02
-6.794097755289e-04,-4.832439956019e-04,5.846409879268e-02
-7.148324024797e-04,-4.716571873261e-04,5.846826829656e-02
-6.823965556890e-04,-4.773125854528e-04,5.849502065513e-02
-7.024169305936e-04,-4.592323410081e-04,5.849508092990e-02
-7.004063455298e-04,-4.686457003019e-04,5.848894919933e-02
-6.866921423239e-04,-4.731960696419e-04,5.847527698461e-02
-7.052028629886e-04,-4.838407728941e-04,5.848148818910e-02
-6.702653898145e-04,-4.747364571714e-04,5.848074065341e-02
-7.124024776175e-04,-4.863480028591e-04,5.847457257323e-02
-6.961215288328e-04,-4.700210454659e-04,5.848447313156e-02
-7.066004489360e-04,-4.754577719624e-04,5.847165129353e-02
-6.755256961668e-04,-4.840571889774e-04,5.849329483590e-02
-6.842689420381e-04,-4.872343591061e-04,5.846589800512e-02
-6.794517956195e-04,-4.846855902444e-04,5.847716663402e-02
-6.837740564123e-04,-4.828391863968e-04,5.848388224877e-02
-7.044337997257e-04,-4.731916344910e-04,5.847382626825e-02
-7.032293859055e-04,-4.687642147375e-04,5.847684376999e-02
-6.801909119503e-04,-4.807779127774e-04,5.847883957036e-02
-6.861814893426e-04,-4.757570939447e-04,5.848763287941e-02
-6.833706182050e-04,-4.681215221255e-04,5.847269906917e-02
-6.757187709781e-04,-4.827946420748e-04,5.849977690741e-02
-7.019379661841e-04,-4.849659733638e-04,5.847838842936e-02
-6.971158971254e-04,-4.881055308844e-04,5.847022581656e-02
-7.034805528718e-04,-4.856146650028e-04,5.849850832965e-02
-6.960456465066e-04,-4.667920036710e-04,5.848774813148e-02
-6.868076889504e-04,-4.728687652361e-04,5.848061904248e-02
-6.874339269842e-04,-4.816831239297e-04,5.849628693431e-02
-7.058140688940e-04,-4.731050424099e-04,5.847038177217e-02
-6.704756631706e-04,-5.103380542907e-04,5.847928001668e-02
-6.808909072760e-04,-4.852250938613e-04,5.847118413749e-02
-6.941323247673e-04,-4.648701313173e-04,5.848336326608e-02
-6.829656984308e-04,-4.682800152197e-04,5.847511305865e-02
-7.015682352431e-04,-4.750248440436e-04,5.849043773742e-02
-6.839853433149e-04,-4.781614404987e-04,5.829750475232e-02
-6.956674848340e-04,-4.729454507221e-04,5.724509076754e-02
-7.035703224005e-04,-5.070044456278e-04,5.808418945480e-02
-6.824185829970e-04,-4.693387641996e-04,5.882454178527e-02
-6.789517913006e-04,-4.857041138685e-04,5.900553767509e-02
-7.007231380101e-04,-4.910374554360e-04,5.894043975786e-02
-6.886289243226e-04,-4.729668483522e-04,5.877083580992e-02
-6.885882112613e-04,-4.869087796435e-04,5.864387082147e-02
-6.551878362444e-04,-4.655449027349e-04,5.852880156885e-02
-6.884331206578e-04,-4.799508297758e-04,5.846977864712e-02
-6.981221581839e-04,-4.632660131385e-04,5.847988609821e-02
-6.772570682472e-04,-4.681886050086e-04,5.844749788412e-02
-6.716798475566e-04,-4.861899953532e-04,5.845026543375e-02
-7.039641421471e-04,-4.884513684367e-04,5.847006956287e-02
-6.954472914629e-04,-4.649240292558e-04,5.846797741742e-02
-6.958953059524e-04,-4.769825342912e-04,5.847939248292e-02
-6.946831673389e-04,-4.851183827661e-04,5.847435086616e-02
-6.746188729352e-04,-4.809276091002e-04,5.848796954524e-02
-7.002673265646e-04,-4.849152939634e-04,5.849273157219e-02
-6.964738455366e-04,-4.755290385212e-04,5.848028204235e-02
-6.794514803090e-04,-4.863385308447e-04,5.849556628527e-02
-6.978076836361e-04,-4.816545341093e-04,5.844412956139e-02
-6.884033928003e-04,-4.883786079510e-04,5.846888952601e-02
-6.771699714818e-04,-4.777018939988e-04,5.849409238931e-02
-6.830142750545e-04,-4.791188614278e-04,5.831097357805e-02
-6.904240111921e-04,-4.738100810647e-04,5.725249476563e-02
-7.043028406031e-04,-4.713238309409e-04,5.532159093309e-02
-6.925572604786e-04,-4.822428169025e-04,5.382846968200e-02
-7.034162495501e-04,-4.733147432022e-04,5.376754475537e-02
-7.016617090301e-04,-4.759142702421e-04,5.579867297274e-02
-7.026513940644e-04,-4.686973483873e-04,6.167566248223e-02
-6.887252984598e-04,-4.853705230232e-04,6.334410035237e-02
-6.888981445599e-04,-4.870081277866e-04,6.258124170927e-02
-6.802893721556e-04,-4.905160425840e-04,6.114696585109e-02
-7.040922485970e-04,-4.882995382874e-04,5.985727488815e-02
-7.044605846431e-04,-4.791724417467e-04,5.896029622090e-02
-6.806749097024e-04,-4.815545998634e-04,5.848641713237e-02
-6.750852378019e-04,-4.806240211242e-04,5.831673286593e-02
-6.894195302465e-04,-4.921361598877e-04,5.829107312229e-02
-7.069322540190e-04,-4.965834376793e-04,5.833800159689e-02
-7.000274683406e-04,-4.845842523584e-04,5.839168860280e-02
-7.047656285977e-04,-4.723247228148e-04,5.843773748940e-02
-6.904707223327e-04,-4.908674334608e-04,5.846287010081e-02
-6.911354547725e-04,-4.771078190849e-04,5.848416520507e-02
-6.899470725159e-04,-4.871839626382e-04,5.849146893388e-02
-6.878477732073e-04,-4.822234944065e-04,5.848048187727e-02
-6.798564987918e-04,-4.777318211261e-04,5.849706225308e-02
-6.998224854584e-04,-4.841309917417e-04,5.849203852722e-02
-7.028793112482e-04,-4.877516082949e-04,5.847731312451e-02
-7.075739219005e-04,-4.878971679197e-04,5.847629385062e-02
-6.991173946886e-04,-4.821169291397e-04,5.847868506999e-02
-6.927881254484e-04,-4.885871701724e-04,5.846178212232e-02
-6.965875630982e-04,-4.821544198755e-04,5.848614796651e-02
-6.987247167132e-04,-4.840868955732e-04,5.847329009248e-02
-6.913577730217e-04,-4.698879300001e-04,5.848881818929e-02
-6.910188580065e-04,-4.678469584057e-04,5.849013776515e-02
-6.983427480378e-04,-4.757687327462e-04,5.849745392334e-02
-6.965847766338e-04,-4.889999161485e-04,5.849174876130e-02
-7.021256166269e-04,-4.753964783838e-04,5.847174508472e-02
-6.994979813868e-04,-4.699014514579e-04,5.849186849628e-02
-6.901757066231e-04,-4.715273796926e-04,5.847123066633e-02
-7.060878002818e-04,-4.778474367747e-04,5.849625334668e-02
-6.864417906769e-04,-4.692381524244e-04,5.848358557682e-02
-6.888942877055e-04,-4.658999421615e-04,5.848791569770e-02
-6.989768418322e-04,-4.745677140697e-04,5.848126543675e-02
-6.953294583951e-04,-4.704912533150e-04,5.848847511243e-02
-7.096406640272e-04,-4.833341793408e-04,5.848462093013e-02
-6.987389139255e-04,-4.869113238662e-04,5.845575002604e-02
-7.008874754604e-04,-4.794047677421e-04,5.849091956679e-02
-6.684068352882e-04,-4.720889277522e-04,5.830561380816e-02
-6.843641745036e-04,-4.851207498288e-04,5.730715466370e-02
-6.911421011893e-04,-4.834409610702e-04,5.558969418985e-02
-6.958896895100e-04,-4.830742889829e-04,5.373256908388e-02
-7.003338415075e-04,-4.914418193773e-04,5.260985549842e-02
-6.959769776529e-04,-4.770714746405e-04,5.237902889348e-02
-7.079313725598e-04,-4.925357208433e-04,5.270234746786e-02
-7.009803995146e-04,-4.879819303368e-04,5.409603854241e-02
-6.832899546936e-04,-4.777465183591e-04,5.598802693203e-02
-7.131544538481e-04,-4.848287144302e-04,5.725890590440e-02
-7.047754905045e-04,-4.883942395671e-04,5.786128510977e-02
-7.159209398822e-04,-4.748740602402e-04,5.780513136870e-02
-7.030976740907e-04,-5.011909939782e-04,5.763921716198e-02
-7.185779174819e-04,-4.763737503549e-04,6.214319419905e-02
-7.041056744157e-04,-4.948497967200e-04,6.706724929791e-02
-7.264064756640e-04,-4.792730423226e-04,6.621212127660e-02
-7.108314114816e-04,-4.842766075937e-04,6.333782820752e-02
-7.209012076856e-04,-4.902609170711e-04,6.056160039179e-02
-6.897524307306e-04,-4.872085171857e-04,5.854025461849e-02
-7.170252870594e-04,-4.833983927447e-04,5.736303734921e-02
-7.174857502150e-04,-4.782933534461e-04,5.678456236637e-02
-7.149218600233e-04,-4.929504430216e-04,5.664235260019e-02
-6.933953568904e-04,-4.915594720565e-04,5.668434320251e-02
-7.511627414516e-04,-4.927792553001e-04,5.679864249214e-02
-7.013272442720e-04,-5.019756861101e-04,5.690079874967e-02
-6.976460861523e-04,-5.028897557696e-04,5.697487376392e-02
-7.128616952770e-04,-4.718334144561e-04,5.700988310127e-02
-7.229626365302e-04,-4.891919675479e-04,5.704334856546e-02
-7.130130564406e-04,-4.877447919135e-04,5.701756699636e-02
-7.101026799603e-04,-4.904812667824e-04,5.703910771581e-02
-6.860482371991e-04,-4.986921478227e-04,5.702802419308e-02
-7.199137107960e-04,-4.914427426789e-04,5.701165467053e-02
-6.997573827761e-04,-4.764314319123e-04,5.702663628836e-02
-7.038982598999e-04,-4.833747467349e-04,5.701558975420e-02
-7.197453737433e-04,-4.871619916022e-04,5.701424713698e-02
-6.967875307140e-04,-4.849819990815e-04,5.703718731911e-02
-7.206744986519e-04,-4.894717753834e-04,5.702877239446e-02
-7.063434308918e-04,-4.799223145275e-04,5.701198851784e-02
-7.160791419381e-04,-4.917714195491e-04,5.702141102745e-02
-7.216175698233e-04,-4.856756544816e-04,5.701820866261e-02
-7.027332583931e-04,-5.048444945080e-04,5.701250739639e-02
-7.150912923208e-04,-4.972798569090e-04,5.701980005512e-02
-6.957409448916e-04,-4.732550123028e-04,5.700959108344e-02
-7.144744805174e-04,-4.810787731278e-04,5.701607231731e-02
-7.065760776328e-04,-4.882020759201e-04,5.703786625327e-02
-7.134240257756e-04,-4.877368199845e-04,5.685129462017e-02
-7.059783322063e-04,-4.964026888942e-04,5.582527582578e-02
-7.220951659122e-04,-4.753621313830e-04,5.663647106849e-02
-6.979654607306e-04,-4.990546659931e-04,5.732156599902e-02
-6.941273066303e-04,-4.802574830902e-04,5.750627507769e-02
-7.338221256390e-04,-4.952649104860e-04,5.739618992448e-02
-7.192213140428e-04,-4.946571868471e-04,5.692980484309e-02
-7.166175667948e-04,-4.785470161943e-04,5.548335545427e-02
-7.107221060778e-04,-5.004238902787e-04,5.347740767866e-02
-7.019699519191e-04,-4.811161649910e-04,5.160993496929e-02
-7.172348360882e-04,-4.805056723183e-04,5.056603078447e-02
-7.207011023382e-04,-4.886101216400e-04,5.031033563318e-02
-7.129191598096e-04,-4.715559199616e-04,5.046461640359e-02
-7.201387760460e-04,-4.853784625061e-04,5.192239506687e-02
-7.193451499887e-04,-4.897293019871e-04,5.373161436682e-02
-7.206111224889e-04,-4.979432606468e-04,5.510493429256e-02
-7.193839548592e-04,-5.026308456705e-04,5.594764865384e-02
-7.495032425453e-04,-5.110744973636e-04,5.613805590656e-02
-7.365187121167e-04,-4.895975278277e-04,5.444027067097e-02
-7.197907914644e-04,-5.151032048450e-04,5.306100776943e-02
-7.239670798356e-04,-5.007859749404e-04,5.213213803472e-02
-7.411623839886e-04,-5.132485260731e-04,5.092824508938e-02
-7.412989931623e-04,-5.099213131903e-04,4.998814347621e-02
-7.405688404134e-04,-5.154607522274e-04,4.968132210342e-02
-7.406069813527e-04,-5.067396653906e-04,4.742195677045e-02
-7.206668122421e-04,-5.201176996782e-04,4.359803837542e-02
-7.403158288639e-04,-5.308500882344e-04,3.815623758737e-02
-7.288067976106e-04,-5.246064513646e-04,3.093525358872e-02
-7.432917866197e-04,-5.251270459228e-04,2.390961456871e-02
-7.443172692589e-04,-5.166021114691e-04,1.780394024456e-02
-7.609588623154e-04,-5.492732851472e-04,1.193256704448e-02
-7.576698752700e-04,-5.292729027684e-04,4.399650559208e-03
-7.418502646033e-04,-5.691154466533e-04,-2.767511548825e-03
-7.392493105414e-04,-5.603051584797e-04,-4.126084892505e-03
-7.548229159511e-04,-5.606362270476e-04,-2.149390906197e-03
-7.535352081334e-04,-5.727108097756e-04,2.001570933317e-04
-7.423908052289e-04,-5.713253788196e-04,1.926995490066e-03
-7.492494376464e-04,-5.986228882079e-04,2.909517284934e-03
-7.616763164862e-04,-5.910136390617e-04,2.107755492034e-03
-7.639065304232e-04,-6.061640923098e-04,6.036471531843e-04
-7.492468277803e-04,-6.051880345951e-04,-4.261298818165e-05
-7.485916232781e-04,-6.138527459863e-04,-1.632813223296e-04
-7.607011166044e-04,-6.089634404960e-04,-2.686379611987e-04
-7.513104645795e-04,-6.396456571212e-04,-2.535564253776e-04
-7.551459577542e-04,-6.137433304785e-04,-2.577253517302e-04
-7.644116495413e-04,-6.201796248645e-04,-2.191914097693e-04
-7.762644812317e-04,-6.420033188114e-04,-1.927111966324e-04
-7.558882143002e-04,-6.544200439191e-04,-1.427432425771e-04
-7.677563465194e-04,-6.662035236146e-04,-1.245432026735e-04
-7.613783191402e-04,-6.629317472260e-04,-9.665751383636e-05
-7.581333783975e-04,-6.777712492737e-04,-6.552005834237e-05
-7.644420426089e-04,-6.979088207848e-04,-5.980338522704e-05
-7.551103249313e-04,-6.896560856032e-04,-4.762611638398e-05
-7.668193422887e-04,-7.096892638941e-04,4.884316372227e-04
-7.760107458807e-04,-7.211763662729e-04,1.522736435390e-03
-7.564153613089e-04,-7.344429211679e-04,2.406543100733e-03
-7.594286455088e-04,-7.349831614061e-04,2.982925889171e-03
-7.593993941271e-04,-7.529831971194e-04,3.268118042342e-03
-7.870007959951e-04,-7.510244765170e-04,2.882446973217e-03
-7.697279888248e-04,-7.629550950865e-04,3.186903661117e-03
-7.531261642413e-04,-7.753411916707e-04,9.038374297234e-03
-7.855441053408e-04,-7.723895706876e-04,1.728844287391e-02
-7.896256459077e-04,-7.842627188771e-04,1.857121834018e-02
-7.761138473370e-04,-7.890860670828e-04,1.391828113447e-02
-7.603237294092e-04,-7.969264400243e-04,8.543576922420e-03
-7.905887895419e-04,-7.938373838372e-04,4.430892769051e-03
-7.812556902280e-04,-8.014048681573e-04,3.349703397362e-03
-7.771560651690e-04,-7.971204478241e-04,8.871206593540e-03
-7.824089777557e-04,-8.243865317682e-04,1.650439363721e-02
-7.772621632256e-04,-8.063418532991e-04,1.753639262370e-02
-7.921389785537e-04,-8.036315360626e-04,1.315413506336e-02
-7.777158336353e-04,-8.080661631796e-04,8.045317013966e-03
-7.627596618676e-04,-8.235128509770e-04,4.028684305922e-03
-7.831370932507e-04,-8.217487729453e-04,1.815549202547e-03
-7.672330519881e-04,-8.232502462745e-04,1.354494905627e-03
-7.714021547827e-04,-8.362293888331e-04,1.664184007495e-03
-7.769442421335e-04,-8.282418554084e-04,2.173461534767e-03
-7.967090154892e-04,-8.541136638804e-04,2.627538671732e-03
-7.808462836891e-04,-8.492211940363e-04,2.842674738758e-03
-7.833524670104e-04,-8.705521656395e-04,3.966521816892e-03
-7.869235000726e-04,-8.470504557135e-04,6.871110821976e-03
-7.759811455514e-04,-8.426552986879e-04,6.578811104873e-03
-7.948376272253e-04,-8.426201912653e-04,6.072279275372e-03
-7.575723254547e-04,-8.714984200871e-04,6.189657085088e-03
-7.809846996158e-04,-8.550787566429e-04,4.956165001204e-03
-7.685317734456e-04,-8.726187248118e-04,3.670431348837e-03
-7.894829286244e-04,-8.753862891222e-04,3.011460514472e-03
-7.922092845405e-04,-8.589051841593e-04,2.658726129198e-03
-7.734521192475e-04,-8.554750821072e-04,2.525014363187e-03
-7.903611694644e-04,-8.730996263800e-04,2.557073985372e-03
-8.007900796088e-04,-8.660405984399e-04,2.648492287335e-03
-7.670232186427e-04,-8.592482305005e-04,2.710459787522e-03
-7.768928043106e-04,-8.602355491181e-04,2.786309237081e-03
-7.763205873346e-04,-8.740668307946e-04,2.842866130436e-03
-7.871152619714e-04,-8.669406938256e-04,2.913691332651e-03
-7.854068747548e-04,-8.794767752935e-04,3.003508306392e-03
-7.752676409041e-04,-8.721077538347e-04,3.024171658581e-03
-7.987551583000e-04,-8.677284004226e-04,3.063499230393e-03
-7.849732892424e-04,-8.771848244756e-04,3.313031312246e-03
-7.713027667222e-04,-8.800187485878e-04,3.971853516305e-03
-7.829828805086e-04,-8.817944877591e-04,3.602153770771e-03
-7.877612917895e-04,-8.871314613536e-04,3.231224542105e-03
-7.945918145964e-04,-8.879871651893e-04,3.376266766281e-03
-7.829555225243e-04,-8.924679924543e-04,2.990885960116e-03
-7.826837364320e-04,-8.886763458102e-04,3.946050068407e-03
-7.641785892503e-04,-8.969258919043e-04,9.677518347075e-03
-7.932587439399e-04,-9.171126098711e-04,1.358340646038e-02
-7.711905139871e-04,-9.023639979893e-04,1.123230616759e-02
-7.772126284777e-04,-9.029023010147e-04,6.759050394976e-03
-7.660718191431e-04,-8.965735517268e-04,2.554142611189e-03
-7.827441216790e-04,-9.185475832408e-04,-3.040435012736e-04
-7.935369607566e-04,-9.205482477349e-04,-1.586653103459e-03
-7.789819101731e-04,-9.036921284311e-04,-1.922402851051e-03
-7.882797947900e-04,-9.088647751352e-04,-1.756708094945e-03
-7.825857052950e-04,-9.035685154405e-04,-4.586656145875e-04
-7.998978832973e-04,-9.135433734992e-04,1.021243269861e-03
-7.765703449394e-04,-9.103235173620e-04,2.192027071942e-03
-7.862526018130e-04,-9.048585016311e-04,2.837903154614e-03
-8.004635889165e-04,-9.250625990371e-04,3.283941266545e-03
-7.833382805700e-04,-9.005737443844e-04,4.093285311683e-03
-7.778111305470e-04,-9.125481071191e-04,3.591872251491e-03
-7.666799959338e-04,-9.360998858447e-04,2.338998616324e-03
-7.899900134163e-04,-9.366098850428e-04,2.045797275059e-03
-7.847330581683e-04,-9.262139948559e-04,2.547324869738e-03
-7.860289567816e-04,-9.346154177117e-04,2.422376046070e-03
-7.865636134738e-04,-9.214127903090e-04,1.826341863307e-03
-7.740028644321e-04,-9.363456854691e-04,2.058022479559e-03
-7.774775691161e-04,-9.326096480824e-04,2.749525185436e-03
-7.989396210633e-04,-9.350236363014e-04,2.690185986467e-03
-7.801480531384e-04,-9.191126621369e-04,2.310162482900e-03
-7.887596893141e-04,-9.393758910633e-04,2.591016577867e-03
-7.804706346377e-04,-9.401911412002e-04,3.071655931763e-03
-7.856198627536e-04,-9.419743500722e-04,2.854187060734e-03
-8.008408591280e-04,-9.538555272668e-04,2.567419776824e-03
-7.862527120608e-04,-9.592595973992e-04,2.965297528135e-03
-7.877622199430e-04,-9.395769434364e-04,3.139944688428e-03
-7.654991724166e-04,-9.668971545892e-04,3.480808202672e-03
-7.739726918743e-04,-9.544458347976e-04,7.686064703194e-03
-7.694896860784e-04,-9.452795645987e-04,1.296454986004e-02
-7.877844709157e-04,-9.282093176698e-04,1.236084558877e-02
-7.716955210668e-04,-9.570503229225e-04,9.571687586686e-03
-7.924867605595e-04,-9.603681178716e-04,6.780729777347e-03
-7.970571833482e-04,-9.632079300304e-04,4.668117465371e-03
-7.858834123482e-04,-9.658027456603e-04,3.431885178998e-03
-7.678523367503e-04,-9.522055545715e-04,2.661205162440e-03
-7.707326777648e-04,-9.484844002294e-04,1.380490333759e-03
-7.655503544441e-04,-9.489475244075e-04,-4.328849499871e-04
-7.765157726141e-04,-9.568331546879e-04,1.043695536737e-03
-7.589873275862e-04,-9.342487052650e-04,3.671884268442e-03
-7.947305415712e-04,-9.546840573510e-04,2.899823781490e-03
-7.944356410121e-04,-9.675651379082e-04,9.727946260227e-04
-7.791527948200e-04,-9.498306607481e-04,1.597363415385e-03
-7.803503408326e-04,-9.636386499129e-04,5.053221532989e-03
-7.819406240941e-04,-9.529429798013e-04,5.812813175908e-03
-7.796501526940e-04,-9.552080353330e-04,5.299942593410e-03
-7.839349909915e-04,-9.368664353561e-04,4.470586294701e-03
-7.655535760733e-04,-9.571384434664e-04,3.757148148111e-03
-7.710495030153e-04,-9.590879663645e-04,3.294903552160e-03
-7.672164363584e-04,-9.572837939686e-04,3.021525355223e-03
-7.820863509806e-04,-9.630473327594e-04,2.929967888576e-03
-7.633734634993e-04,-9.679575503685e-04,2.918940900599e-03
-7.767070523670e-04,-9.516222420013e-04,2.954804082037e-03
-7.928164484809e-04,-9.536781223631e-04,2.983950101850e-03
-7.707006569007e-04,-9.543839453334e-04,3.014613655978e-03
-7.727924401451e-04,-9.736803980055e-04,3.039660674403e-03
-7.676262401191e-04,-9.396791619915e-04,3.020541792466e-03
-7.898127840207e-04,-9.536013073510e-04,3.024819688108e-03
-7.716858497560e-04,-9.474747466706e-04,3.057689656998e-03
-7.967206282018e-04,-9.729543980834e-04,3.033535912323e-03
-7.969747282885e-04,-9.599548543415e-04,3.037425828097e-03
-7.892061128558e-04,-9.697537425277e-04,3.031638181483e-03
-7.879471675523e-04,-9.636153035794e-04,3.026044954822e-03
-7.488742256072e-04,-9.467591768527e-04,3.054644974327e-03
-7.967454111650e-04,-9.380043972968e-04,2.845132041330e-03
-7.828488167547e-04,-9.642468659776e-04,1.913996595704e-03
-7.754151505139e-04,-9.460518632124e-04,1.490587892476e-04
-7.954974206115e-04,-9.382709918157e-04,-1.710401144010e-03
-7.857439824051e-04,-9.630761286856e-04,-1.430495132809e-03
-7.774025402512e-04,-9.453512494506e-04,3.932911147785e-03
-7.784807395552e-04,-9.540347991811e-04,4.046026505421e-03
-7.743929116373e-04,-9.313026616597e-04,3.187546375557e-03
-7.619178331026e-04,-9.806691743373e-04,3.997517983407e-03
-7.959811431135e-04,-9.648918158219e-04,2.520757586865e-03
-7.699540417292e-04,-9.774420353194e-04,4.861473942128e-04
-7.877655201725e-04,-9.586125112443e-04,-4.294593866234e-04
-7.687280524920e-04,-9.671312384832e-04,6.560332712979e-05
-7.796757944334e-04,-9.649938127898e-04,3.876854373175e-04
-7.578743782801e-04,-9.750066706242e-04,2.494997715985e-04
-7.800834822405e-04,-9.775712899079e-04,7.890902897998e-04
-7.786699682129e-04,-9.611457864768e-04,1.613747867850e-03
-7.637789236981e-04,-9.567975599534e-04,1.626950443324e-03
-7.806860666619e-04,-9.600684334172e-04,9.632631840759e-04
-7.905720074461e-04,-9.764603470186e-04,4.544557759800e-04
-7.623281956342e-04,-9.776473369782e-04,7.873208314777e-04
-7.749855898993e-04,-9.803583737144e-04,1.578345862754e-03
-8.020613318962e-04,-9.855664550058e-04,2.292070090789e-03
-7.921478366910e-04,-9.895511102771e-04,2.788583777829e-03
-7.877502860794e-04,-9.957713179717e-04,3.052719048242e-03
-7.772224715694e-04,-9.875022946497e-04,2.017919206821e-03
-7.686580230910e-04,-9.951617014848e-04,3.487353660603e-04
-7.728668653755e-04,-9.983555353105e-04,-9.532429862702e-04
-7.810545124016e-04,-9.970552910512e-04,-1.677048441707e-03
-7.656565660881e-04,-1.008214238833e-03,-1.918626558108e-03
-7.804089321297e-04,-1.001908324865e-03,-1.882623831989e-03
-7.973553319260e-04,-1.008240205845e-03,-1.743798078678e-03
-7.809651403221e-04,-1.021162052193e-03,-1.561035093800e-03
-7.787810005340e-04,-1.002402530563e-03,-2.822988112712e-04
-7.697594897991e-04,-1.014459172200e-03,3.104833969928e-03
-8.026847026628e-04,-1.033796573261e-03,4.336055103124e-03
-7.877738330677e-04,-1.008689835873e-03,3.899547364085e-03
-7.764637179690e-04,-1.038228070663e-03,3.133207480460e-03
-7.862326773278e-04,-1.029860511953e-03,2.835087084350e-03
-7.980342722931e-04,-1.042099424492e-03,2.896925096138e-03
-7.720202926151e-04,-1.053099049887e-03,4.139416394537e-03
-8.015153645715e-04,-1.051124552609e-03,9.713496328459e-03
-7.889915724348e-04,-1.049130541977e-03,1.732300585536e-02
-7.891551994845e-04,-1.042321270590e-03,2.165819751008e-02
-8.003503818799e-04,-1.047811113271e-03,1.869687608269e-02
-7.845205294643e-04,-1.045688711402e-03,1.375251500758e-02
-7.884037103025e-04,-1.050611272277e-03,9.278936307510e-03
-7.814382385334e-04,-1.045727261964e-03,5.934751369182e-03
