1.871108906926e-05,-9.206657523464e-06,9.810000419617e+00,1.505336561942e-05,1.018692195061e-05,3.575969190850e-08,1.808722338263e+02
1.871108906926e-05,-9.206657523464e-06,9.810000419617e+00,-1.788880253618e-05,1.522670045534e-06,-3.433980324316e-08,1.808722338263e+02
1.871108906926e-05,-9.206657523464e-06,9.810000419617e+00,-1.877817396820e-05,1.221810131773e-06,-8.839419039468e-09,1.808722338263e+02
1.871108906926e-05,-9.206657523464e-06,9.810000419617e+00,-4.076268088634e-06,-7.035493618479e-06,8.791073018032e-09,1.808722338263e+02
1.871108906926e-05,-9.206657523464e-06,9.810000419617e+00,-3.502723192035e-06,-6.965759575421e-06,-2.578811069754e-08,1.808722338263e+02
1.871108906926e-05,-9.206657523464e-06,9.810000419617e+00,1.536579399934e-05,1.005788730519e-05,3.591277836643e-08,1.808722338263e+02
1.871108906926e-05,-9.206657523464e-06,9.810000419617e+00,-1.757234375737e-05,1.393697280979e-06,-3.434010221530e-08,1.808722338263e+02
1.871108906926e-05,-9.206657523464e-06,9.810000419617e+00,-1.818716767373e-05,1.292207765759e-06,-8.694571808442e-09,1.808722338263e+02
1.871108906926e-05,-9.206657523464e-06,9.810000419617e+00,1.394698285504e-05,1.008250123620e-05,3.581691326777e-08,1.808722338263e+02
1.871108906926e-05,-9.206657523464e-06,9.810000419617e+00,1.445852433934e-05,1.013409848424e-05,1.384179484612e-09,1.808722338263e+02
1.871108906926e-05,-9.206657523464e-06,9.810000419617e+00,-5.426864528124e-06,-7.663156187316e-06,-1.630004854119e-09,1.808722338263e+02
1.871108906926e-05,-9.206657523464e-06,9.810000419617e+00,-6.508713155251e-06,-7.931961809442e-06,-1.629255932884e-09,1.808722338263e+02
1.871108906926e-05,-9.206657523464e-06,9.810000419617e+00,1.368273036233e-05,9.832960106558e-06,2.724974891390e-08,1.808722338263e+02
1.871108906926e-05,-9.206657523464e-06,9.810000419617e+00,1.361099821849e-05,9.742055477318e-06,2.573477756636e-08,1.808722338263e+02
1.871108906926e-05,-9.206657523464e-06,9.810000419617e+00,-5.875006616520e-06,-7.351469563641e-06,-1.384980686215e-09,1.808722338263e+02
1.871108906926e-05,-9.206657523464e-06,9.810000419617e+00,1.391527542197e-05,9.790309529835e-06,1.302567544801e-09,1.808722338263e+02
1.871108906926e-05,-9.206657523464e-06,9.810000419617e+00,1.329763266905e-05,9.574002499503e-06,1.433172550141e-09,1.808722338263e+02
1.871108906926e-05,-9.206657523464e-06,9.810000419617e+00,-2.094668653135e-05,5.932779738420e-07,-1.018032976123e-08,1.808722338263e+02
1.871108906926e-05,-9.206657523464e-06,9.810000419617e+00,-2.030788377713e-05,4.262468446350e-07,-8.535925740930e-09,1.808722338263e+02
1.871108906926e-05,-9.206657523464e-06,9.810000419617e+00,-6.319114642024e-06,-7.987670064354e-06,-1.655907987191e-09,1.808722338263e+02
1.871108906926e-05,-9.206657523464e-06,9.810000419617e+00,-2.123670100809e-05,6.306621626790e-07,-1.006790112893e-08,1.808722338263e+02
1.871108906926e-05,-9.206657523464e-06,9.810000419617e+00,-2.103774911966e-05,7.209577538637e-07,-1.006835912881e-08,1.808722338263e+02
1.871108906926e-05,-9.206657523464e-06,9.810000419617e+00,-6.276913922955e-06,-7.805548144628e-06,-1.655825292770e-09,1.808722338263e+02
1.871108906926e-05,-9.206657523464e-06,9.810000419617e+00,-6.632581969209e-06,-7.804027992156e-06,-1.655102710503e-09,1.808722338263e+02
1.871108906926e-05,-9.206657523464e-06,9.810000419617e+00,-2.205475962061e-05,3.426848693776e-07,-8.686439925260e-09,1.808722338263e+02
1.871108906926e-05,-9.206657523464e-06,9.810000419617e+00,-2.078991134244e-05,5.926151971353e-07,-1.032255701034e-08,1.808722338263e+02
1.871108906926e-05,-9.206657523464e-06,9.810000419617e+00,-2.064566214475e-05,6.830036096277e-07,-8.688529549686e-09,1.808722338263e+02
1.871108906926e-05,-9.206657523464e-06,9.810000419617e+00,-5.805443152971e-06,-7.411554261795e-06,-2.523579147433e-08,1.808722338263e+02
1.871108906926e-05,-9.206657523464e-06,9.810000419617e+00,-5.573826713513e-06,-7.443990423548e-06,-1.684868627236e-09,1.808722338263e+02
1.871108906926e-05,-9.206657523464e-06,9.810000419617e+00,1.315766627907e-05,9.689434752224e-06,2.725241103817e-08,1.808722338263e+02
1.871108906926e-05,-9.206657523464e-06,9.810000419617e+00,-2.151111499135e-05,1.083260488072e-06,3.613226158692e-10,1.808722338263e+02
1.871108906926e-05,-9.206657523464e-06,9.810000419617e+00,-5.238748306045e-06,-7.409555346789e-06,-3.586933835059e-08,1.808722338263e+02
1.871108906926e-05,-9.206657523464e-06,9.810000419617e+00,2.734316406945e-05,1.329370486213e-06,3.417675846853e-08,1.808722338263e+02
1.871108906926e-05,-9.206657523464e-06,9.810000419617e+00,-2.157292095480e-05,1.393013334500e-06,7.194690503197e-11,1.808722338263e+02
1.871108906926e-05,-9.206657523464e-06,9.810000419617e+00,1.440318329855e-05,-8.611347016508e-06,2.419128777527e-08,1.808722338263e+02
1.871108906926e-05,-9.206657523464e-06,9.810000419617e+00,-1.789586672623e-06,7.879060177758e-06,-6.855147307015e-09,1.808722338263e+02
1.871108906926e-05,-9.206657523464e-06,9.810000419617e+00,1.279649612766e-06,6.644659324112e-06,-7.216099711289e-09,1.808722338263e+02
1.871108906926e-05,-9.206657523464e-06,9.810000419617e+00,3.333545366529e-06,5.168935283454e-06,1.210265064960e-09,1.808722338263e+02
1.871108906926e-05,-9.206657523464e-06,9.810000419617e+00,4.088992342914e-06,4.475182315002e-06,1.834988581813e-08,1.808722338263e+02
1.871108906926e-05,-9.206657523464e-06,9.810000419617e+00,5.337548038893e-06,5.105796031473e-06,1.177157279788e-09,1.808722338263e+02
1.871108906926e-05,-9.206657523464e-06,9.810000419617e+00,2.431391300507e-05,4.514719306803e-06,3.408480227157e-08,1.808722338263e+02
1.871108906926e-05,-9.206657523464e-06,9.810000419617e+00,-1.468302162876e-05,-3.376474407176e-06,-3.456867913859e-08,1.808722338263e+02
1.871108906926e-05,-9.206657523464e-06,9.810000419617e+00,-1.899858060629e-05,-2.537745955012e-06,-3.429602926908e-08,1.808722338263e+02
1.871108906926e-05,-9.206657523464e-06,9.810000419617e+00,-5.276161806874e-06,-1.042163854033e-05,-2.733618684848e-08,1.808722338263e+02
1.871108906926e-05,-9.206657523464e-06,9.810000419617e+00,-6.657498790806e-06,-1.025169901014e-05,-2.730153788578e-08,1.808722338263e+02
1.871108906926e-05,-9.206657523464e-06,9.810000419617e+00,-2.231253090621e-05,-2.176982100380e-06,-3.420412078045e-08,1.808722338263e+02
1.871108906926e-05,-9.206657523464e-06,9.810000419617e+00,1.101828820747e-05,6.362546464754e-06,2.548625856521e-08,1.808722338263e+02
1.871108906926e-05,-9.206657523464e-06,9.810000419617e+00,-2.453688281401e-05,-2.641391530083e-06,-3.420059990642e-08,1.808722338263e+02
1.871108906926e-05,-9.206657523464e-06,9.810000419617e+00,2.454530186948e-05,-2.309635148368e-06,8.344044467275e-09,1.808722338263e+02
1.871108906926e-05,-9.206657523464e-06,9.810000419617e+00,2.432124914528e-05,-2.308675994854e-06,8.347617820460e-09,1.808722338263e+02
1.871108906926e-05,-9.206657523464e-06,9.810000419617e+00,-2.433591491191e-05,-2.528475223337e-06,-4.428133934432e-08,1.808722338263e+02
1.871108906926e-05,-9.206657523464e-06,9.810000419617e+00,-9.314966727137e-06,-1.101963981599e-05,-3.582995036141e-08,1.808722338263e+02
1.871108906926e-05,-9.206657523464e-06,9.810000419617e+00,2.407140023972e-05,-2.143568058008e-06,8.348253136257e-09,1.808722338263e+02
1.871108906926e-05,-9.206657523464e-06,9.810000419617e+00,-1.083833211826e-05,-1.110875234261e-05,-2.713173761300e-08,1.808722338263e+02
1.871108906926e-05,-9.206657523464e-06,9.810000419617e+00,2.318188876151e-05,-2.431408562013e-06,8.333015098778e-09,1.808722338263e+02
1.871108906926e-05,-9.206657523464e-06,9.810000419617e+00,2.282382649547e-05,-2.357117318430e-06,1.050217327000e-08,1.808722338263e+02
1.871108906926e-05,-9.206657523464e-06,9.810000419617e+00,8.011470587591e-06,6.224374620061e-06,1.269617793440e-09,1.808722338263e+02
1.871108906926e-05,-9.206657523464e-06,9.810000419617e+00,-1.236152570854e-05,-1.124805758432e-05,-2.715621198127e-08,1.808722338263e+02
1.871108906926e-05,-9.206657523464e-06,9.810000419617e+00,5.803669777458e-06,5.546412265936e-06,2.540861804489e-08,1.808722338263e+02
1.871108906926e-05,-9.206657523464e-06,9.810000419617e+00,5.388269998286e-06,5.092390273379e-06,2.555527183097e-08,1.808722338263e+02
1.871108906926e-05,-9.206657523464e-06,9.810000419617e+00,-1.114727237113e-05,5.255540006319e-06,-2.492807121862e-08,1.808722338263e+02
1.871108906926e-05,-9.206657523464e-06,9.810000419617e+00,-2.013424930752e-05,-3.494575679608e-06,-4.314837805847e-08,1.808722338263e+02
1.871108906926e-05,-9.206657523464e-06,9.810000419617e+00,-1.730058413783e-05,-2.656143604251e-06,-1.800394006598e-08,1.808722338263e+02
1.871108906926e-05,-9.206657523464e-06,9.810000419617e+00,2.833048192967e-06,5.298801249541e-06,2.386459382122e-10,1.808722338263e+02
1.871108906926e-05,-9.206657523464e-06,9.810000419617e+00,7.193580519033e-06,4.715045601971e-06,5.879783101978e-10,1.808722338263e+02
1.871108906926e-05,-9.206657523464e-06,9.810000419617e+00,-8.239176725901e-06,-4.189874041412e-06,-1.743876504075e-08,1.808722338263e+02
1.871108906926e-05,-9.206657523464e-06,9.810000419617e+00,9.453522884614e-06,4.103669101548e-06,8.349534502224e-10,1.808722338263e+02
1.871108906926e-05,-9.206657523464e-06,9.810000419617e+00,-4.167857071463e-06,-3.731035111512e-06,-4.211420659008e-10,1.808722338263e+02
1.871108906926e-05,-9.206657523464e-06,9.810000419617e+00,-7.540216807769e-07,-1.649302939621e-06,4.266042213007e-10,1.808722338263e+02
1.871108906926e-05,-9.206657523464e-06,9.810000419617e+00,2.024613073810e-06,1.070392523608e-07,3.999744060280e-10,1.808722338263e+02
1.871108906926e-05,-9.206657523464e-06,9.810000419617e+00,3.390143769641e-06,1.286086851886e-06,-4.097595564422e-11,1.808722338263e+02
1.871108906926e-05,-9.206657523464e-06,9.810000419617e+00,1.558380906387e-06,2.770336203979e-06,1.244846987531e-10,1.808722338263e+02
1.871108906926e-05,-9.206657523464e-06,9.810000419617e+00,-1.607453557345e-06,2.163972461289e-06,-1.908434064818e-10,1.808722338263e+02
1.871108906926e-05,-9.206657523464e-06,9.810000419617e+00,-3.242767755921e-06,1.222989532338e-06,-1.891899777370e-10,1.808722338263e+02
1.871108906926e-05,-9.206657523464e-06,9.810000419617e+00,-4.877853768783e-06,2.820501642637e-07,-1.875349587148e-10,1.808722338263e+02
1.871108906926e-05,-9.206657523464e-06,9.810000419617e+00,-2.364367965327e-06,-1.769933592691e-06,-6.344153030781e-10,1.808722338263e+02
1.871108906926e-05,-9.206657523464e-06,9.810000419617e+00,6.339402204448e-07,-4.043604758944e-06,2.766088152574e-10,1.808722338263e+02
1.871108906926e-05,-9.206657523464e-06,9.810000419617e+00,1.450235635219e-06,-3.937438352565e-06,3.976249948899e-10,1.808722338263e+02
1.871108906926e-05,-9.206657523464e-06,9.810000419617e+00,8.724789717776e-07,-2.822775561123e-06,-3.516015300263e-11,1.808722338263e+02
1.871108906926e-05,-9.206657523464e-06,9.810000419617e+00,-1.541722331409e-06,-3.512420372481e-07,-2.296666359924e-10,1.808722338263e+02
1.871108906926e-05,-9.206657523464e-06,9.810000419617e+00,-1.567102750656e-06,2.474127533384e-06,4.098090538244e-10,1.808722338263e+02
1.871108906926e-05,-9.206657523464e-06,9.810000419617e+00,1.212332994822e-06,4.230283064973e-06,4.069106242824e-10,1.808722338263e+02
1.871108906926e-05,-9.206657523464e-06,9.810000419617e+00,1.527205669176e-06,4.502098865827e-06,-1.936639869784e-10,1.808722338263e+02
1.871108906926e-05,-9.206657523464e-06,9.810000419617e+00,-1.085459701690e-07,3.561010495127e-06,-1.918861811518e-10,1.808722338263e+02
1.871108906926e-05,-9.206657523464e-06,9.810000419617e+00,1.112957444177e-05,-8.135550692157e-06,1.152859382603e-10,1.808722338263e+02
1.871108906926e-05,-9.206657523464e-06,9.810000419617e+00,2.517659423998e-05,9.086206171339e-06,3.555694745033e-08,1.808722338263e+02
1.871108906926e-05,-9.206657523464e-06,9.810000419617e+00,2.283786531117e-05,1.008057641540e-05,3.560697439491e-08,1.808722338263e+02
-1.650940440595e-02,2.386029809713e-04,9.811232566833e+00,2.624820353695e-04,1.624070508056e-01,1.977300734173e-04,1.808722338263e+02
4.522210955620e-01,-1.176536083221e-03,9.789424896240e+00,2.274332931695e-03,-1.837891981261e-01,-8.014194792012e-03,1.808724660528e+02
1.937585353851e+00,-2.838706970215e-02,9.729424476624e+00,2.986937773582e-02,-1.758514377533e+00,7.649233438769e-01,1.809168622824e+02
3.704776048660e+00,1.666569709778e-02,9.714180946350e+00,2.550691456859e-02,-2.577517238268e+00,8.084283271768e-02,1.809388008500e+02
-4.151885807514e-01,2.667784690857e-03,1.005587005615e+01,-5.165330559822e-03,6.053934755746e+00,-1.545563086436e-02,1.809571740589e+02
-5.161818027496e+00,8.453369140625e-03,9.985275268555e+00,-2.052610583806e-02,8.744513502727e-01,7.502370497792e-01,1.809711759467e+02
3.689732313156e+00,-2.776837348938e-02,9.480760574341e+00,-1.229540772308e-02,-2.103438717175e+00,2.751234081823e-01,1.810271834979e+02
4.772907257080e+00,3.908491134644e-02,9.622908592224e+00,3.070191376262e-02,-3.439789987724e+00,6.188536586688e-03,1.810258447808e+02
4.223867893219e+00,-9.355545043945e-04,9.804306983948e+00,3.574867650732e-02,-1.408968347700e+00,3.430766417371e-03,1.810264185167e+02
1.376996636391e+00,1.762509346008e-03,9.977084159851e+00,8.658865598578e-03,5.042157169486e-01,1.851722063789e-03,1.810264185167e+02
1.725650191307e+00,-3.567934036255e-04,9.847740173340e+00,-5.983138991225e-03,3.878952475058e-01,4.593867508369e-03,1.810269922526e+02
2.428895473480e+00,2.398490905762e-03,9.776320457458e+00,-8.113677764593e-03,5.690771676586e-01,2.424427422599e-03,1.810273747432e+02
1.468129515648e+00,1.090645790100e-03,9.825421333313e+00,-1.221899498174e-02,5.867348608495e-01,8.360061497656e-05,1.810273747432e+02
1.910439372063e+00,-2.728700637817e-04,9.773348808289e+00,-8.444861898060e-03,3.944400361541e-01,-4.111441208780e-03,1.810269922526e+02
1.206557989120e+00,-4.876852035522e-04,9.818622589111e+00,-1.017319324276e-02,7.935464788934e-01,-1.331033281259e-02,1.810260360261e+02
3.763022422791e-01,-4.881322383881e-04,9.835566520691e+00,-1.319133644312e-02,1.046385621176e+00,-1.765313750811e-02,1.810241235731e+02
2.894911766052e-01,-2.559691667557e-03,9.799312591553e+00,-1.191241020146e-02,4.071437077626e-01,-1.893212378072e-02,1.810222111201e+02
3.026207685471e-01,5.853176116943e-04,9.797029495239e+00,-1.111485221373e-02,1.211308115927e+00,-4.536125395951e-02,1.810187687048e+02
-1.126476764679e+00,-4.671454429626e-03,9.839867591858e+00,-1.348919672395e-02,7.231840578589e-01,-3.457394066598e-02,1.810147252328e+02
-1.170165419579e+00,-1.436591148376e-03,9.812679290771e+00,-1.427530880874e-02,1.822197140364e+00,-6.112346960415e-02,1.810095069683e+02
-2.224736452103e+00,-3.685235977173e-03,9.803114891052e+00,-1.374962436649e-02,3.538682855974e-01,-3.705355613380e-02,1.810048351189e+02
-1.456946253777e+00,-7.818937301636e-04,9.771563529968e+00,-6.693585386612e-03,2.066751636709e+00,-7.616421983729e-02,1.809993709676e+02
-1.123157119751e+01,3.971099853516e-03,1.003441524506e+01,-6.030288640840e-02,8.119930375892e+00,-1.592020378984e-02,1.809922948916e+02
-6.848557949066e+00,-4.193305969238e-03,9.410084724426e+00,-4.483912468408e-02,-7.331577348728e-01,-1.641261940784e-02,1.809915162500e+02
1.775449514389e-01,-3.427356481552e-03,9.424006462097e+00,1.710023236077e-02,-3.266864325535e+00,-2.073501024208e-03,1.809918987406e+02
-9.451736509800e-02,-2.210527658463e-03,9.723247528076e+00,4.904225234457e-02,-3.500685179600e+00,-1.038542269492e-03,1.809918987406e+02
-8.413362503052e-02,-2.512559294701e-03,9.847090721130e+00,4.998503189345e-02,-2.662572730228e+00,-3.082573095165e-04,1.809918987406e+02
-9.292306005955e-02,1.487426459789e-03,9.885983467102e+00,3.575379914920e-02,-1.529752986096e+00,4.563361108771e-02,1.809921036463e+02
6.868816018105e-01,1.477062702179e-03,9.845369338989e+00,1.126799786152e-02,-1.677091372272e+00,-6.678411160876e-01,1.809859701364e+02
2.436421394348e+00,-6.445240974426e-02,9.772339820862e+00,5.187976905789e-02,-1.957663910711e+00,8.948053673602e-01,1.810581515756e+02
4.056758880615e+00,5.618524551392e-02,9.734201431274e+00,2.395710195723e-02,-2.671002037438e+00,-2.938029617061e-01,1.810618398777e+02
-5.649657249451e-01,-1.453572511673e-02,1.010692596436e+01,2.013710522049e-02,7.389199172443e+00,-1.603422425978e-02,1.810878765588e+02
-6.131424427032e+00,2.844095230103e-02,1.001698398590e+01,-5.973021773517e-02,1.500775695099e+00,2.707133638095e-02,1.810886005589e+02
3.904021978378e+00,2.018690109253e-02,9.436482429504e+00,-2.517266218608e-02,-2.064266088182e+00,-2.822204016167e-01,1.810647905194e+02
4.846713542938e+00,-2.645874023438e-02,9.609617233276e+00,2.500724354212e-02,-3.257280076025e+00,1.634911032125e-01,1.810660745950e+02
4.377143979073e-01,-1.502633094788e-02,1.003290081024e+01,2.167133646280e-02,5.193625472233e+00,-5.697829182989e-02,1.810930811630e+02
-8.547475814819e+00,2.383804321289e-02,1.016309165955e+01,-8.068086251884e-02,1.541514571847e+00,2.157202924753e-01,1.810961137670e+02
4.206414222717e+00,-1.321697235107e-02,9.362980842590e+00,-4.029384723484e-03,-2.599433180880e+00,-8.101535502518e-02,1.811088998811e+02
-6.625446677208e-01,1.598668098450e-02,9.914893150330e+00,-2.616389338938e-03,3.861975506267e+00,-8.517834531914e-04,1.811074792017e+02
-4.226671695709e+00,3.909587860107e-03,9.873591423035e+00,-1.914005768423e-02,-8.105322522248e-01,-9.867458901073e-02,1.811060721828e+02
3.494541645050e+00,3.936386108398e-02,9.533175468445e+00,1.135028029668e-02,-2.969001483378e+00,-2.548408946377e-01,1.810434393481e+02
4.636158466339e+00,-4.721927642822e-02,9.671970367432e+00,4.187674357499e-02,-3.727547138117e+00,-2.290961240673e-01,1.810432481028e+02
-1.099039316177e-01,2.450211346149e-02,1.009449577332e+01,2.073901564110e-02,5.692169517488e+00,-2.370549753172e-01,1.810040564773e+02
-7.712209701538e+00,-2.512788772583e-02,1.012390995026e+01,-4.497199320777e-02,1.534131884406e+00,-5.267080951770e-03,1.810032778358e+02
4.498113632202e+00,-1.679229736328e-02,9.378249168396e+00,1.053492646451e-02,-2.626109338457e+00,-5.458127429327e-01,1.810168425915e+02
-1.350410819054e+00,3.874754905701e-02,9.968018531799e+00,-1.044720122236e-02,3.488338758901e+00,2.055351664118e-05,1.809843855325e+02
-3.543999671936e+00,-2.007246017456e-02,9.835502624512e+00,-5.506669263594e-02,-6.058367655239e-01,-7.539528861311e-01,1.809725829656e+02
3.329174995422e+00,3.343033790588e-02,9.548703193665e+00,3.231447873698e-02,-2.933221323967e+00,4.561118685630e-01,1.809041854513e+02
-1.651295661926e+00,-1.976954936981e-02,9.996074676514e+00,8.818414548721e-04,1.642915453543e+00,1.875852841982e-05,1.808731354113e+02
-1.816399931908e+00,-2.621841430664e-02,9.813243865967e+00,-6.928853387008e-03,-6.131082489473e-01,2.550452166784e-02,1.808733539774e+02
2.717159271240e+00,-4.332590103149e-02,9.631902694702e+00,-1.504989494930e-03,-2.457887328728e+00,4.801409009499e-01,1.809392106613e+02
4.604165554047e+00,3.903484344482e-02,9.670981407166e+00,2.966970142430e-02,-3.387886099561e+00,-2.911136547616e-01,1.809375440952e+02
-4.406477808952e-01,-9.495258331299e-03,1.010530757904e+01,1.320232877881e-02,5.325802012390e+00,-1.973109249600e-02,1.809522426623e+02
-6.668656349182e+00,1.021051406860e-02,1.006263732910e+01,-2.447192746592e-02,1.228972906112e+00,7.227055710911e-01,1.809669275690e+02
3.899661779404e+00,-2.170014381409e-02,9.432574272156e+00,-8.786824923810e-03,-2.343266722615e+00,-7.189760210000e-01,1.810065973077e+02
-9.318549036980e-01,4.874998331070e-02,9.930210113525e+00,-1.513612608757e-02,3.021088505988e+00,-1.314198599183e-05,1.809807928530e+02
-3.013339281082e+00,-2.172970771790e-02,9.833187103271e+00,-1.899646362910e-02,-6.196467143346e-01,5.393172863929e-01,1.809857652307e+02
3.001508951187e+00,-3.737330436707e-02,9.583213806152e+00,8.861743561268e-03,-2.585316460526e+00,4.652053583083e-01,1.810393002534e+02
4.298640727997e+00,2.976894378662e-02,9.681559562683e+00,3.233795751225e-02,-3.361358712042e+00,-2.585401024138e-02,1.810408028951e+02
5.645310133696e-02,5.558282136917e-04,1.006209850311e+01,1.147770601338e-02,5.330716333498e+00,1.410854280324e-01,1.810402428195e+02
-7.288845539093e+00,2.776622772217e-03,1.010808277130e+01,-1.287287887306e-02,1.240619232420e+00,6.982480510554e-01,1.810538895375e+02
4.025982379913e+00,-3.780364990234e-02,9.416241645813e+00,-1.272976506561e-02,-2.717449031341e+00,3.649154228888e-01,1.811129433531e+02
-7.921739816666e-01,3.214007616043e-02,9.930477142334e+00,1.296241838421e-03,3.174804688024e+00,4.052006390057e-05,1.811279697692e+02
-3.242213964462e+00,1.834249496460e-02,9.841510772705e+00,-2.002611464648e-02,-8.746885926247e-01,-2.308474706149e-02,1.811267539956e+02
3.238786935806e+00,2.748465538025e-02,9.570456504822e+00,1.045830027976e-02,-3.019247343120e+00,5.334188310752e-01,1.810744757277e+02
-1.568840265274e+00,-1.109290122986e-02,9.996857643127e+00,-1.898792589264e-03,1.813337317793e+00,1.110874989994e-05,1.810466222162e+02
-1.900709748268e+00,-2.101814746857e-02,9.815815925598e+00,-1.266301063864e-02,-5.419801530347e-01,2.013522425043e-02,1.810468134615e+02
2.983433008194e+00,6.635189056396e-03,9.614635467529e+00,2.374771397049e-03,-2.441927524516e+00,-8.305937451167e-01,1.810343961776e+02
4.518198966980e+00,-1.100683212280e-02,9.683130264282e+00,4.082105246140e-02,-3.262397595261e+00,2.355851506244e-01,1.810279484790e+02
-5.386685729027e-01,1.027387380600e-02,1.010794353485e+01,5.920493349932e-03,5.406620652631e+00,-2.260724746939e-02,1.810030865905e+02
-6.667055130005e+00,-1.083660125732e-02,1.005554008484e+01,-4.973220817245e-02,1.018183556650e+00,1.708418942035e-01,1.810056137605e+02
3.996421098709e+00,-3.836154937744e-02,9.428763389587e+00,-1.262325680324e-02,-2.376630062277e+00,2.490200793609e-01,1.810549960282e+02
-1.622746586800e+00,1.629126071930e-02,9.956609725952e+00,2.469326828371e-03,2.725935541385e+00,1.243524650819e-04,1.810810190489e+02
-2.485821485519e+00,2.553462982178e-02,9.790769577026e+00,1.597890739813e-02,-9.938326515982e-01,2.218728788549e-01,1.810866198040e+02
3.392857551575e+00,1.273036003113e-02,9.574398040771e+00,-1.183693127504e-02,-3.003876856167e+00,3.299549929004e-01,1.810666210101e+02
-1.785123109818e+00,1.363742351532e-02,1.001749420166e+01,-3.601430683301e-03,1.805220705182e+00,6.415183474288e-06,1.810283309696e+02
-1.802146792412e+00,-2.601456642151e-02,9.812760353088e+00,-7.735189235039e-03,-5.472154396727e-01,-6.245428927524e-01,1.810224023654e+02
2.811248302460e+00,-2.270698547363e-02,9.625946998596e+00,-1.446506000162e-03,-2.295031286366e+00,3.845824189953e-01,1.810494225938e+02
4.036450862885e+00,1.583099365234e-04,9.697231292725e+00,2.244506882972e-02,-3.278973183716e+00,-3.048728574012e-01,1.810625775381e+02
4.816363334656e+00,4.413604736328e-03,9.758337020874e+00,3.193647045510e-02,-2.449814258573e+00,-7.786893233448e-02,1.810575915000e+02
3.961825370789e+00,-2.534151077271e-03,9.851479530334e+00,2.552164216399e-02,-1.021466743206e+00,-8.407794114588e-02,1.810494225938e+02
3.445421218872e+00,1.664638519287e-03,9.853283882141e+00,1.200999719623e-02,-3.005450987987e-02,-6.933631851384e-02,1.810428792726e+02
1.282895088196e+00,2.238714694977e-02,9.949752807617e+00,-9.742411077377e-03,3.753737498490e+00,-2.087341662179e-02,1.810419367065e+02
-9.571591377258e+00,3.823280334473e-03,1.029492950439e+01,-1.184764613430e-01,1.141528747588e+01,-6.261593930897e-02,1.810366638004e+02
-1.092780208588e+01,-7.401466369629e-03,9.615763664246e+00,-1.272946624484e-01,3.750103410964e+00,-4.147472290932e-05,1.810359124796e+02
7.417942583561e-02,-3.011301159859e-03,9.211523056030e+00,-3.206656421445e-02,-1.619138391104e+00,-1.884572755731e-03,1.810359124796e+02
8.825515955687e-02,-3.171235322952e-03,9.580632209778e+00,3.263314975044e-02,-3.328846798149e+00,5.094657445222e-03,1.810355299890e+02
6.399763822556e-01,-2.547442913055e-03,9.752394676208e+00,9.079754661839e-02,-4.116324493882e+00,-3.467671833772e-01,1.810370462910e+02
2.924190282822e+00,-2.181053161621e-03,9.763264656067e+00,7.147707589054e-02,-4.321070513311e+00,-8.438981532071e-02,1.810387401779e+02
4.636811256409e+00,1.892566680908e-03,9.768095016479e+00,6.327060360277e-02,-4.072366250158e+00,-2.263764648028e-02,1.810364725551e+02
4.696584701538e+00,7.123470306396e-03,9.840997695923e+00,5.609911841767e-02,-2.108266807145e+00,3.997445918492e-02,1.810396827440e+02
3.616250276566e+00,-7.078647613525e-04,9.896044731140e+00,1.414585537963e-02,-4.847907656708e-01,1.382502658667e-02,1.810417454612e+02
1.285857319832e+00,1.518261432648e-02,9.989627838135e+00,-2.259170445346e-02,3.790380182726e+00,1.885730019229e-02,1.810455020652e+02
-7.035483837128e+00,3.767490386963e-02,1.019960784912e+01,-4.402910693719e-02,4.278916720188e+00,2.271683031741e-01,1.810592580662e+02
2.644815206528e+00,1.894283294678e-02,9.402706146240e+00,-1.283248470743e-02,-8.245141297035e-01,3.084055326256e-01,1.810862509738e+02
2.149327993393e+00,4.379487037659e-02,9.685025215149e+00,-1.132953626512e-02,1.538534928502e-01,4.016900685146e-01,1.811270955050e+02
-5.277155637741e-01,1.942461133003e-01,9.863677978516e+00,1.187156913868e-01,-1.212518126627e-01,1.255655787156e+00,1.812387690980e+02
1.373189687729e+00,1.021230220795e-02,9.746428489685e+00,-3.994881596005e-02,-1.177368158890e+00,1.134372438229e+00,1.813488717474e+02
4.967641830444e-01,3.430185019970e-01,9.860742568970e+00,-1.482844740980e-01,2.226336658789e+00,2.394337754587e+00,1.815784344054e+02
-1.096919155121e+01,-3.325881958008e-01,1.022372245789e+01,-9.023610506861e-01,8.573745219820e+00,-8.974805203384e-03,1.816689480723e+02
-6.138065814972e+00,-1.359868049622e-01,9.473928451538e+00,-1.312885622047e-01,7.563265369502e-01,-2.347701603130e-03,1.816681284496e+02
1.785621792078e-01,-1.041656732559e-02,9.426368713379e+00,1.250024936516e-01,-2.347522357355e+00,8.850797916319e-04,1.816683606760e+02
3.308579325676e-04,-3.985609859228e-03,9.698277473450e+00,1.689748246413e-01,-2.869964594186e+00,1.404809496208e-03,1.816687158458e+02
-6.261905282736e-02,-2.728253602982e-03,9.825581550598e+00,1.315379174702e-01,-2.293144873495e+00,1.088146184834e-03,1.816689480723e+02
-6.829878687859e-02,-1.151610165834e-03,9.868803024292e+00,7.890714776875e-02,-1.439907610537e+00,6.751692437239e-04,1.816691939591e+02
-5.138007923961e-02,-8.083432912827e-04,9.870039939880e+00,3.814329814164e-02,-7.095222387759e-01,3.430023638468e-04,1.816691939591e+02
-3.158655017614e-02,-7.686093449593e-04,9.854387283325e+00,1.383692272181e-02,-2.294159957000e-01,1.208838793685e-04,1.816693032421e+02
-1.401184126735e-02,1.174919307232e-04,9.836142539978e+00,2.092135634553e-03,1.964313546765e-02,7.934642228261e-07,1.816691939591e+02
-4.794416483492e-03,-1.452132128179e-03,9.821822166443e+00,-2.361684647877e-03,1.098085911005e-01,5.747651711075e-05,1.816691939591e+02
-1.642453670502e-02,-6.485432386398e-04,9.814122200012e+00,-2.754601952053e-02,2.759871336276e-01,-1.078488120590e-02,1.816690710157e+02
9.567579627037e-02,2.297706902027e-03,9.805130004883e+00,-3.048985773323e-03,1.107014315612e-01,-5.076941225180e-05,1.816696584119e+02
-7.340456545353e-02,-1.607343554497e-03,9.811141014099e+00,-1.739870629142e-03,5.948566494637e-02,-2.811764226371e-05,1.816696584119e+02
4.131165915169e-04,5.797101766802e-04,9.806712150574e+00,-6.598269563136e-04,2.303411928478e-02,-1.161640103154e-05,1.816696584119e+02
2.710976405069e-03,-1.242200378329e-04,9.807913780212e+00,-1.395815691206e-04,2.571134333107e-03,-2.017686487270e-06,1.816696584119e+02
2.642387989908e-04,-5.131398211233e-05,9.808978080750e+00,3.068374105716e-05,-6.040840832875e-03,2.219183633671e-06,1.816696584119e+02
-1.554991398007e-02,-1.507652923465e-03,9.810843467712e+00,-2.317624591645e-02,1.467725210118e-01,-9.318870146480e-03,1.816695354685e+02
4.627375006676e-01,1.314637064934e-02,9.789026260376e+00,-2.622440459656e-02,-1.970140985457e-01,2.888847519261e-02,1.816740980349e+02
1.762842178345e+00,4.494035243988e-02,9.737177848816e+00,2.048331043405e-01,-2.106111242132e+00,2.050758295200e-01,1.816934001495e+02
-1.317714571953e+00,-1.980543136597e-02,9.972183227539e+00,-1.090796151490e-01,1.361454670348e+00,-6.259668896441e-04,1.816801769033e+02
-9.158754944801e-01,-3.668320178986e-02,9.801695823669e+00,-1.997520839282e-02,5.018262713170e-01,-2.583741616255e-04,1.816800539599e+02
2.822070568800e-02,-7.118061184883e-04,9.761456489563e+00,9.450378802193e-03,2.999157408894e-02,-1.970735271373e-05,1.816801769033e+02
9.836366400123e-03,1.978687942028e-03,9.786763191223e+00,1.490698124505e-02,-1.597512144561e-01,7.021643376597e-05,1.816800539599e+02
-8.658214937896e-04,-5.075477529317e-04,9.803078651428e+00,1.227050154499e-02,-1.876336474737e-01,8.415773172301e-05,1.816801769033e+02
-4.254288040102e-03,-1.553962938488e-04,9.811239242554e+00,7.970177090957e-03,-1.454887922934e-01,6.669593977170e-05,1.816800539599e+02
-2.966755535454e-03,-1.285716425627e-03,9.814082145691e+00,4.354645802280e-03,-8.833525008238e-02,4.170499791803e-05,1.816800539599e+02
-4.378346726298e-03,8.805235847831e-05,9.813975334167e+00,2.008765972018e-03,-4.149809829794e-02,2.046784420251e-05,1.816800539599e+02
-2.223265182693e-04,-1.218373654410e-06,9.812837600708e+00,6.727111009968e-04,-1.181295724436e-02,6.561426294542e-06,1.816800539599e+02
-1.444547786377e-03,-5.842107348144e-04,9.811603546143e+00,3.488090564234e-05,2.910218999413e-03,-6.219108028619e-07,1.816800539599e+02
-9.067921782844e-04,2.085859887302e-05,9.810679435730e+00,-1.814910996046e-04,7.766944778853e-03,4.066870338327e-06,1.816800539599e+02
-4.165681311861e-04,-1.017062459141e-06,9.810111045837e+00,-2.383020651400e-04,7.417678820126e-03,3.864649348569e-06,1.816800539599e+02
7.253023213707e-04,-4.068377893418e-05,9.809885978699e+00,-1.210962024106e-04,5.216210549935e-03,2.758799288927e-06,1.816800539599e+02
3.391325662960e-05,-2.422374745947e-05,9.809828758240e+00,-7.753060951941e-05,2.885713444605e-03,1.500663762249e-06,1.816800539599e+02
6.270701996982e-04,-4.359765443951e-05,9.809840202332e+00,-4.608595520648e-05,1.194449966748e-03,6.201645002307e-07,1.816800539599e+02
2.338852937100e-06,-2.527400465624e-05,9.809859275818e+00,2.173174146938e-05,1.881333402823e-04,1.268308518105e-07,1.816800539599e+02
2.338887497899e-06,-2.527436845412e-05,9.810000419617e+00,2.564239110397e-06,-2.333045659268e-04,-1.214851663352e-07,1.816800539599e+02
2.338887497899e-06,-2.527436845412e-05,9.810000419617e+00,2.178545406617e-06,-3.307784294427e-04,-1.827650278829e-07,1.816800539599e+02
2.338887497899e-06,-2.527436845412e-05,9.810000419617e+00,1.474338479083e-05,-2.866316253477e-04,-1.312664406471e-07,1.816800539599e+02
2.338887497899e-06,-2.527436845412e-05,9.810000419617e+00,-1.389629427875e-05,-1.757801725625e-04,-1.202216464602e-07,1.816800539599e+02
2.338887497899e-06,-2.527436845412e-05,9.810000419617e+00,-8.628453820696e-06,-9.233101590524e-05,-4.962042198813e-08,1.816800539599e+02
2.338887497899e-06,-2.527436845412e-05,9.810000419617e+00,-1.039566078747e-05,-3.368874784731e-05,-1.794021447238e-08,1.816800539599e+02
2.338887497899e-06,-2.527436845412e-05,9.810000419617e+00,1.091905490141e-05,-2.517314682404e-06,-1.108173334771e-10,1.816800539599e+02
2.338887497899e-06,-2.527436845412e-05,9.810000419617e+00,3.891655463814e-08,8.020395274916e-06,4.507140184942e-09,1.816800539599e+02
2.338887497899e-06,-2.527436845412e-05,9.810000419617e+00,7.393119461528e-07,2.353206447327e-05,1.207032587723e-08,1.816800539599e+02
2.338887497899e-06,-2.527436845412e-05,9.810000419617e+00,1.255595947910e-05,5.508015592044e-06,3.704174169505e-09,1.816800539599e+02
2.338887497899e-06,-2.527436845412e-05,9.810000419617e+00,9.539589406738e-06,5.607324620752e-06,1.597083409695e-08,1.816800539599e+02
2.338887497899e-06,-2.527436845412e-05,9.810000419617e+00,6.916729569341e-06,5.682278641041e-06,3.166642736502e-09,1.816800539599e+02
2.338887497899e-06,-2.527436845412e-05,9.810000419617e+00,-1.229077877331e-05,-3.806754093369e-06,-1.830996826660e-09,1.816800539599e+02
2.338887497899e-06,-2.527436845412e-05,9.810000419617e+00,2.339883984144e-05,5.492365431012e-06,3.977458559678e-09,1.816800539599e+02
2.338887497899e-06,-2.527436845412e-05,9.810000419617e+00,2.412684712937e-05,6.225280849145e-06,3.275681255320e-08,1.816800539599e+02
2.338887497899e-06,-2.527436845412e-05,9.810000419617e+00,2.297369382495e-05,5.967840137673e-06,3.299487071000e-08,1.816800539599e+02
2.338887497899e-06,-2.527436845412e-05,9.810000419617e+00,-1.297978564174e-05,-3.125615866340e-06,-2.876382135717e-09,1.816800539599e+02
2.338887497899e-06,-2.527436845412e-05,9.810000419617e+00,1.998572707278e-05,5.226386787665e-06,3.266444924526e-08,1.816800539599e+02
2.338887497899e-06,-2.527436845412e-05,9.810000419617e+00,-1.449848635503e-05,-3.586125172670e-06,-3.090139463256e-08,1.816800539599e+02
2.338887497899e-06,-2.527436845412e-05,9.810000419617e+00,2.020790545794e-05,5.190184849169e-06,3.332243086825e-09,1.816800539599e+02
2.338887497899e-06,-2.527436845412e-05,9.810000419617e+00,-1.450902238769e-05,-3.478571332006e-06,-1.383407404963e-09,1.816800539599e+02
2.338887497899e-06,-2.527436845412e-05,9.810000419617e+00,-1.356904543001e-05,-3.428755601696e-06,-3.174066667969e-08,1.816800539599e+02
2.338887497899e-06,-2.527436845412e-05,9.810000419617e+00,2.017825474965e-05,5.170923613574e-06,3.166521756153e-08,1.816800539599e+02
2.338887497899e-06,-2.527436845412e-05,9.810000419617e+00,1.944192936978e-05,4.975529875273e-06,3.254636797215e-08,1.816800539599e+02
2.338887497899e-06,-2.527436845412e-05,9.810000419617e+00,-1.485232443734e-05,-3.803123477478e-06,-3.037526330146e-09,1.816800539599e+02
2.338887497899e-06,-2.527436845412e-05,9.810000419617e+00,2.024956431227e-05,4.971040255173e-06,3.216796505705e-09,1.816800539599e+02
2.338887497899e-06,-2.527436845412e-05,9.810000419617e+00,-1.446737493247e-05,-3.697707783782e-06,-1.498720204001e-09,1.816800539599e+02
2.338887497899e-06,-2.527436845412e-05,9.810000419617e+00,-1.352740774546e-05,-3.647882282809e-06,-3.185690005052e-08,1.816800539599e+02
2.338887497899e-06,-2.527436845412e-05,9.810000419617e+00,2.021988754887e-05,4.951809960014e-06,3.155016735704e-08,1.816800539599e+02
2.338887497899e-06,-2.527436845412e-05,9.810000419617e+00,1.948356054057e-05,4.756424363933e-06,3.243065939284e-08,1.816800539599e+02
2.338887497899e-06,-2.527436845412e-05,9.810000419617e+00,-1.481069815189e-05,-4.022219218154e-06,-3.152807323638e-09,1.816800539599e+02
2.338887497899e-06,-2.527436845412e-05,9.810000419617e+00,-1.549217428105e-05,-4.253821408727e-06,-3.459160139618e-09,1.816800539599e+02
2.338887497899e-06,-2.527436845412e-05,9.810000419617e+00,2.406200900319e-05,5.558820602082e-06,3.234759920733e-08,1.816800539599e+02
2.338887497899e-06,-2.527436845412e-05,9.810000419617e+00,-2.834416289479e-06,-1.456582699252e-06,-2.945415319697e-08,1.816800539599e+02
2.338887497899e-06,-2.527436845412e-05,9.810000419617e+00,3.560171439358e-06,2.944430301912e-07,6.620226668018e-10,1.816800539599e+02
2.338887497899e-06,-2.527436845412e-05,9.810000419617e+00,1.975052194986e-06,1.068194124213e-07,-3.352786190120e-10,1.816800539599e+02
2.338887497899e-06,-2.527436845412e-05,9.810000419617e+00,-1.275242636200e-06,-3.077331687609e-08,-3.955530126034e-10,1.816800539599e+02
2.338887497899e-06,-2.527436845412e-05,9.810000419617e+00,-5.405838873458e-06,-1.091156405902e-06,-4.824653467907e-10,1.816800539599e+02
2.338887497899e-06,-2.527436845412e-05,9.810000419617e+00,-6.819429328081e-07,-5.386017453128e-08,4.923397266725e-10,1.816800539599e+02
2.338887497899e-06,-2.527436845412e-05,9.810000419617e+00,4.599318600887e-06,1.161257663081e-06,6.478781934754e-10,1.816800539599e+02
2.338887497899e-06,-2.527436845412e-05,9.810000419617e+00,1.862804975168e-06,2.718438915131e-07,-2.478581912143e-10,1.816800539599e+02
2.338887497899e-06,-2.527436845412e-05,9.810000419617e+00,-2.824123302086e-06,-9.298378582362e-07,-8.891247569495e-10,1.816800539599e+02
2.338887497899e-06,-2.527436845412e-05,9.810000419617e+00,-3.418605510264e-06,-1.162079620188e-06,-7.534095444642e-11,1.816800539599e+02
2.338887497899e-06,-2.527436845412e-05,9.810000419617e+00,3.461292319866e-06,5.870357408908e-07,8.160499725617e-10,1.816800539599e+02
2.338887497899e-06,-2.527436845412e-05,9.810000419617e+00,3.461067594594e-06,1.061184079917e-06,3.995779548566e-10,1.816800539599e+02
-1.655662618577e-02,-8.401982486248e-04,9.811236381531e+00,-2.445038302157e-02,1.623135625913e-01,-1.032759620566e-02,1.816799446768e+02
4.520644545555e-01,1.150199770927e-02,9.789428710938e+00,-2.753462697844e-02,-1.838253901246e-01,2.693042537621e-02,1.816845892055e+02
1.869211316109e+00,1.030843257904e-01,9.734036445618e+00,1.067744263041e-01,-1.708488577948e+00,-4.931765304243e-01,1.816330349376e+02
3.971312284470e+00,1.782536506653e-01,9.693082809448e+00,5.249072947915e-01,-2.874461846868e+00,2.213978071816e+00,1.817788458160e+02
4.895852565765e+00,7.440710067749e-02,9.739111900330e+00,9.087139803879e-02,-2.225617354492e+00,1.732918243619e+00,1.819311863553e+02
4.036724567413e+00,3.749613761902e-01,9.836300849915e+00,3.499174213689e-01,-9.277003054549e-01,3.325180694112e+00,1.822196525647e+02
3.443528175354e+00,5.461864471436e-01,9.846981048584e+00,4.768036598492e-01,3.848787584918e-02,5.437108909539e+00,1.827028474673e+02
3.180603027344e+00,5.074942111969e-01,9.820470809937e+00,1.958728566447e-01,9.904147822489e-01,6.755289315574e+00,1.833377272110e+02
7.256909608841e-01,8.372064232826e-01,9.925937652588e+00,2.378664604876e-01,2.564111071031e+00,9.151939516082e+00,1.842018007826e+02
-3.401732683182e+00,2.176134586334e-01,1.002110958099e+01,-2.223759329594e+00,7.619318490865e+00,6.469478342208e+00,1.850450832583e+02
-1.392909145355e+01,-1.224617958069e+00,1.000645828247e+01,-2.540612658965e+00,9.432504904166e+00,-3.335622265764e-02,1.853415954305e+02
-5.150748729706e+00,-3.394269943237e-01,9.198044776917e+00,3.120259197519e-02,9.366721324557e-02,-2.987410475700e-04,1.853387813926e+02
1.974449455738e-01,-3.773015737534e-02,9.366584777832e+00,6.494969888851e-01,-3.330828406782e+00,1.129563878332e-02,1.853403523361e+02
-1.920933648944e-02,-1.506616547704e-02,9.699397087097e+00,6.231151697725e-01,-3.715534969801e+00,9.245478129672e-03,1.853423330909e+02
-8.909610658884e-02,1.718886196613e-04,9.843935012817e+00,4.134584577741e-01,-2.871476627314e+00,5.555614339155e-03,1.853435078835e+02
-8.997826278210e-02,-1.639351248741e-03,9.888760566711e+00,2.170612773889e-01,-1.760747209062e+00,2.997007716909e-03,1.853440269778e+02
-8.046162128448e-02,-7.653698325157e-03,9.887331962585e+00,1.663343161969e-02,-6.864775006814e-01,-1.549142265644e-02,1.853441362609e+02
3.459385409951e-02,1.063656061888e-03,9.861819267273e+00,2.860693999770e-02,-2.343673759201e-01,4.111644959693e-04,1.853463629025e+02
-7.423744350672e-02,-4.738166928291e-03,9.844526290894e+00,5.891058169456e-03,5.251232528332e-02,-6.190623001247e-05,1.853464038837e+02
-4.385158419609e-03,-1.399713568389e-03,9.823233604431e+00,-1.201419602835e-03,1.479875743126e-01,-2.237306700904e-04,1.853463629025e+02
1.859356299974e-03,-1.007138052955e-03,9.812679290771e+00,-2.414165046695e-03,1.430265891389e-01,-2.207743277206e-04,1.853463629025e+02
2.391279209405e-03,-3.211514558643e-05,9.807954788208e+00,-1.904595582015e-03,1.008134520771e-01,-1.570172408302e-04,1.853464038837e+02
6.813910789788e-03,6.622085347772e-04,9.806624412537e+00,-1.172484680355e-03,5.620441939074e-02,-8.863545115376e-05,1.853464038837e+02
-2.023550448939e-03,1.602487172931e-04,9.807101249695e+00,-6.560433383384e-04,2.321778067032e-02,-3.761722894367e-05,1.853464038837e+02
3.436682280153e-03,2.516903914511e-04,9.808089256287e+00,-2.613543704705e-04,4.012995020895e-03,-7.683754375433e-06,1.853464038837e+02
2.670045942068e-04,-7.941576768644e-05,9.809119224548e+00,-8.663593036639e-05,-4.488706607534e-03,6.043046973894e-06,1.853464038837e+02
3.714868216775e-04,-8.008792065084e-05,9.809542655945e+00,1.286663565328e-05,-6.515990046151e-03,9.540962999250e-06,1.853464038837e+02
-1.463035005145e-04,-2.273945574416e-05,9.810004234314e+00,4.049046530248e-05,-5.435421102427e-03,-1.035122217924e-05,1.853464038837e+02
-7.315260154428e-05,-2.186696838180e-05,9.810118675232e+00,3.672310571206e-05,-3.493253018311e-03,-6.833538065092e-06,1.853464038837e+02
-6.536321598105e-04,3.721826942638e-05,9.810145378113e+00,3.436230485331e-05,-1.760029150407e-03,-3.511522489172e-06,1.853464038837e+02
6.118306773715e-04,-7.903203368187e-05,9.810111045837e+00,3.250520126413e-05,-6.111310613444e-04,-1.204864441763e-06,1.853464038837e+02
-6.327313603833e-04,3.743881825358e-05,9.810080528259e+00,3.147893631595e-05,1.333866294400e-05,-4.049052209446e-08,1.853464038837e+02
-1.045024509949e-05,-2.079643309116e-05,9.810000419617e+00,-4.011649639548e-05,2.361738060840e-04,4.038860440025e-07,1.853464038837e+02
-1.045024509949e-05,-2.079643309116e-05,9.810000419617e+00,-2.388341103627e-06,2.642095148165e-04,4.833801916001e-07,1.853464038837e+02
-6.327312439680e-04,3.743893466890e-05,9.810015678406e+00,5.352890831121e-06,2.097952801282e-04,4.353203310303e-07,1.853464038837e+02
6.118307355791e-04,-7.903180085123e-05,9.809985160828e+00,9.652764636080e-07,1.059007420248e-04,1.941242898723e-07,1.853464038837e+02
-1.045024509949e-05,-2.079643309116e-05,9.810000419617e+00,-1.200059005306e-06,5.191924353047e-05,9.913650906049e-08,1.853464038837e+02
-1.045024509949e-05,-2.079643309116e-05,9.810000419617e+00,1.197585398875e-05,3.299194643170e-05,4.081725093523e-08,1.853464038837e+02
-1.045024509949e-05,-2.079643309116e-05,9.810000419617e+00,-6.075695240477e-06,-1.280497136445e-05,-2.037376976886e-08,1.853464038837e+02
-1.045024509949e-05,-2.079643309116e-05,9.810000419617e+00,1.266950436523e-05,-1.776621001520e-06,-2.405212578574e-09,1.853464038837e+02
-1.045024509949e-05,-2.079643309116e-05,9.810000419617e+00,-1.351663884531e-06,-5.090940551111e-06,-8.233317431733e-09,1.853464038837e+02
-1.045024509949e-05,-2.079643309116e-05,9.810000419617e+00,-3.723989241448e-06,-1.453068069285e-05,-2.590365229773e-08,1.853464038837e+02
-1.045024509949e-05,-2.079643309116e-05,9.810000419617e+00,-6.405468177403e-06,-2.000762638765e-05,-3.620241557849e-08,1.853464038837e+02
-1.045024509949e-05,-2.079643309116e-05,9.810000419617e+00,2.845882082240e-05,7.250484051839e-08,2.031496290308e-08,1.853464038837e+02
-1.045024509949e-05,-2.079643309116e-05,9.810000419617e+00,3.775221718035e-06,5.456574674626e-06,-1.130807016658e-08,1.853464038837e+02
-1.045024509949e-05,-2.079643309116e-05,9.810000419617e+00,-9.187133873379e-06,1.104934263449e-06,3.186602108621e-09,1.853464038837e+02
-1.045024509949e-05,-2.079643309116e-05,9.810000419617e+00,-7.312437389479e-06,3.379034321139e-06,6.714926987912e-09,1.853464038837e+02
-1.045024509949e-05,-2.079643309116e-05,9.810000419617e+00,-6.100584378525e-06,5.508514710129e-06,9.364783061752e-09,1.853464038837e+02
-1.045024509949e-05,-2.079643309116e-05,9.810000419617e+00,1.054057194764e-05,-1.407974663722e-06,-3.333708726179e-09,1.853464038837e+02
-1.045024509949e-05,-2.079643309116e-05,9.810000419617e+00,9.684223731434e-06,-1.915459694031e-06,-5.239638228426e-09,1.853464038837e+02
-1.045024509949e-05,-2.079643309116e-05,9.810000419617e+00,6.391181634662e-07,-1.225240652608e-06,-4.102807201444e-10,1.853464038837e+02
-1.045024509949e-05,-2.079643309116e-05,9.810000419617e+00,-5.491471415258e-06,-1.630868342910e-06,-2.550815191336e-09,1.853464038837e+02
-1.045024509949e-05,-2.079643309116e-05,9.810000419617e+00,-6.016188639942e-06,-1.556134976782e-06,2.099683566013e-08,1.853464038837e+02
-1.045024509949e-05,-2.079643309116e-05,9.810000419617e+00,-1.790023502726e-06,-1.013549446786e-06,-1.420600612623e-09,1.853464038837e+02
-1.681612059474e-02,-2.389637753367e-03,9.811224937439e+00,-8.711017828151e-02,1.609286350154e-01,-3.733126935762e-02,1.853460077327e+02
4.459049999714e-01,4.114648699760e-02,9.789696693420e+00,-1.027117110579e-01,-1.844463637099e-01,1.146013028246e-01,1.853617718093e+02
2.149290800095e+00,2.224423885345e-01,9.717992782593e+00,4.616471499159e-01,-2.034347084853e+00,1.276667156590e+00,1.854591020050e+02
-1.603780031204e+00,-2.290490865707e-01,9.999231338501e+00,-3.956012483543e-01,1.539181848802e+00,-2.319000134381e-03,1.855393840485e+02
-1.002323031425e+00,-2.818751335144e-02,9.799530029297e+00,-4.601365041705e-02,5.700873953255e-01,-9.203598614668e-04,1.855392064636e+02
3.327073156834e-02,3.139771521091e-03,9.755225181580e+00,4.633423241606e-02,3.668481263001e-02,-1.315036922152e-06,1.855391791428e+02
1.079976744950e-02,7.263887673616e-04,9.783683776855e+00,5.174375224387e-02,-1.785925447457e-01,3.205684503535e-04,1.855391381617e+02
-9.767059236765e-04,-8.167254272848e-04,9.802080154419e+00,3.589213716031e-02,-2.109291815768e-01,3.450847398647e-04,1.855391381617e+02
-4.716990049928e-03,-9.353463537991e-04,9.811417579651e+00,2.047278500581e-02,-1.639309967435e-01,2.612732869870e-04,1.855391791428e+02
-3.580451477319e-03,1.295630354434e-03,9.814487457275e+00,1.001580540716e-02,-9.969700963254e-02,1.588929217084e-04,1.855391791428e+02
-4.501366056502e-03,-8.985688909888e-04,9.814520835876e+00,4.353471863516e-03,-4.694114208157e-02,7.609946128339e-05,1.855391791428e+02
-3.678929060698e-04,-1.837721327320e-03,9.813200950623e+00,1.553392791082e-03,-1.345810568951e-02,2.341944780022e-05,1.855391791428e+02
-2.621490973979e-03,2.842782996595e-04,9.811793327332e+00,4.175924464446e-04,3.215263401951e-03,-3.182389327182e-06,1.855391791428e+02
-2.513388753869e-04,4.642159910873e-05,9.810770988464e+00,2.062813845890e-05,8.703380222575e-03,1.554710983928e-05,1.855391791428e+02
2.198583388235e-04,-1.537741627544e-05,9.810136795044e+00,-1.458252057904e-04,8.363748399086e-03,1.550413845909e-05,1.855391791428e+02
-5.226800567470e-04,4.253583028913e-05,9.809879302979e+00,-1.385093494828e-04,5.886687998980e-03,1.113990610471e-05,1.855391791428e+02
6.454698741436e-04,-7.989472942427e-05,9.809789657593e+00,-5.748756447483e-05,3.267058030433e-03,6.317534644236e-06,1.855391791428e+02
6.116313743405e-04,-8.073780918494e-05,9.809833526611e+00,-1.940375701405e-05,1.345497553354e-03,2.656770555190e-06,1.855391791428e+02
-1.045007047651e-05,-2.040915205725e-05,9.809836387634e+00,-2.994163958644e-05,2.163034412409e-04,5.226260990366e-07,1.855391791428e+02
-1.045024509949e-05,-2.040949220827e-05,9.810000419617e+00,2.052118225718e-05,-2.667053071688e-04,-4.198145926250e-07,1.855391791428e+02
-1.045024509949e-05,-2.040949220827e-05,9.810000419617e+00,-4.303289629087e-05,-3.824029962612e-04,-7.282985249574e-07,1.855391791428e+02
-1.045024509949e-05,-2.040949220827e-05,9.810000419617e+00,-2.356697179879e-05,-3.180322725901e-04,-6.380321439869e-07,1.855391791428e+02
-1.045024509949e-05,-2.040949220827e-05,9.810000419617e+00,-1.451946722748e-06,-2.039281136553e-04,-3.861736876481e-07,1.855391791428e+02
-1.045024509949e-05,-2.040949220827e-05,9.810000419617e+00,-9.203138220981e-06,-1.010837721131e-04,-2.219468153371e-07,1.855391791428e+02
-1.688382029533e-02,-2.952782437205e-03,9.811205863953e+00,-8.545516474867e-02,1.609190700825e-01,-3.660679572803e-02,1.855388239730e+02
4.462839066982e-01,4.212898015976e-02,9.789727210999e+00,-1.007301424456e-01,-1.844431753990e-01,1.123324126999e-01,1.855542192194e+02
2.147244453430e+00,2.193338871002e-01,9.718014717102e+00,4.702104995878e-01,-2.032326842962e+00,1.121673409015e+00,1.856485168110e+02
4.314967632294e+00,4.762454032898e-01,9.689806938171e+00,8.149811599737e-01,-2.649087162042e+00,4.268735896343e+00,1.859523646065e+02
3.931631088257e+00,2.174477577209e-01,9.810055732727e+00,5.588812960534e-02,-1.054364562787e+00,4.548770237219e+00,1.863454966347e+02
1.775637030602e+00,7.307492494583e-01,9.933514595032e+00,5.971236852988e-01,4.294866706003e-01,7.531092083582e+00,1.869864689072e+02
-1.145491480827e+00,-2.795903682709e-01,1.002777004242e+01,-2.208054163372e+00,6.053821203851e+00,4.083686434933e+00,1.875682644207e+02
-1.050563335419e+01,-9.535493850708e-01,1.011138343811e+01,-1.085124960045e+00,5.206889699601e+00,-1.636814980707e-02,1.876391208031e+02
-9.165245294571e-01,-7.117849588394e-02,9.383348464966e+00,2.821872111662e-01,2.933502215497e-01,2.802042376627e-03,1.876381645766e+02
1.054860502481e-01,-6.412804126740e-03,9.568311691284e+00,4.949822083252e-01,-1.653402568683e+00,6.404332044595e-03,1.876389295578e+02
-1.996530219913e-03,-8.326906710863e-03,9.741163253784e+00,3.891212131009e-01,-1.928694303676e+00,5.083182360560e-03,1.876397491805e+02
-4.301442578435e-02,-3.275239840150e-03,9.824302673340e+00,2.345933057713e-01,-1.495598198265e+00,3.311312937155e-03,1.876402955957e+02
-4.624357819557e-02,-4.870269447565e-03,9.851472854614e+00,1.176168180030e-01,-9.107206686217e-01,1.907678838797e-03,1.876405824636e+02
-3.341935575008e-02,-3.177717328072e-03,9.850422859192e+00,4.998038949924e-02,-4.302684070952e-01,9.059728583878e-04,1.876407600485e+02
-1.925229653716e-02,-3.991132602096e-03,9.838973999023e+00,1.758217424387e-02,-1.246179753456e-01,2.790025345804e-04,1.876408146900e+02
-8.952756412327e-03,-1.360230147839e-03,9.826374053955e+00,4.526569467714e-03,2.794819693371e-02,-3.808253076068e-05,1.876408283504e+02
-1.801729667932e-03,-1.162169966847e-03,9.817036628723e+00,4.181956742112e-04,7.872676807566e-02,1.839791926737e-04,1.876408146900e+02
1.329055288807e-03,-5.154461832717e-04,9.811373710632e+00,-1.180248684450e-03,7.606190707197e-02,1.845058575174e-04,1.876408146900e+02
2.786785829812e-03,-2.495720982552e-04,9.808902740479e+00,-1.247329946641e-03,5.362771051603e-02,1.323905297884e-04,1.876408146900e+02
-2.155010355636e-03,9.348480962217e-04,9.808168411255e+00,-7.375036828560e-04,2.990413899642e-02,7.532639332163e-05,1.876408283504e+02
2.461642492563e-03,2.608667127788e-04,9.808447837830e+00,-3.522158133752e-04,1.234090285275e-02,3.210433046230e-05,1.876408283504e+02
1.035142806359e-03,-1.957071945071e-04,9.808975219727e+00,-5.289206946045e-05,2.128318044748e-03,6.563073058534e-06,1.876408556712e+02
4.156804643571e-04,-1.126072020270e-04,9.809538841248e+00,8.636287287698e-05,-2.397815573187e-03,-5.056721243182e-06,1.876408556712e+02
4.679256817326e-04,-1.112877507694e-04,9.809763908386e+00,1.281198246723e-04,-3.445746226175e-03,-8.079572929764e-06,1.876408829919e+02
-7.187277078629e-04,5.657604197040e-05,9.809988975525e+00,4.324938814960e-05,-2.887388266687e-03,-7.063082716675e-06,1.876408829919e+02
-5.747675459133e-05,-2.541418507462e-05,9.810069084167e+00,4.322062331483e-05,-1.861865419977e-03,-4.677292163458e-06,1.876408829919e+02
-5.747739851358e-05,-2.541447247495e-05,9.810179710388e+00,-4.462718204650e-07,-9.455046000853e-04,-2.409063053488e-06,1.876408829919e+02
-5.747634713771e-05,-2.541400681366e-05,9.810000419617e+00,2.115690073847e-05,-3.127929820122e-04,-8.464040211658e-07,1.876408829919e+02
-5.747634713771e-05,-2.541400681366e-05,9.810000419617e+00,2.228530983636e-05,-7.977968609242e-06,-6.654431565648e-08,1.876408829919e+02
-5.747634713771e-05,-2.541400681366e-05,9.810000419617e+00,-2.454334773668e-05,1.376516936260e-04,3.237569304683e-07,1.876408829919e+02
-5.747634713771e-05,-2.541400681366e-05,9.810000419617e+00,3.164131823755e-07,1.395371712234e-04,3.096219602419e-07,1.876408829919e+02
-5.747634713771e-05,-2.541400681366e-05,9.810000419617e+00,-1.787218589363e-05,9.411985512207e-05,2.471268596392e-07,1.876408829919e+02
-5.747634713771e-05,-2.541400681366e-05,9.810000419617e+00,-9.483745176752e-06,5.410266124152e-05,1.566868585498e-07,1.876408829919e+02
-5.747634713771e-05,-2.541400681366e-05,9.810000419617e+00,-1.384574737708e-05,2.746467204672e-05,6.581582869002e-08,1.876408829919e+02
-5.747634713771e-05,-2.541400681366e-05,9.810000419617e+00,6.003174929740e-06,1.481694649151e-05,3.819395487839e-08,1.876408829919e+02
-5.747634713771e-05,-2.541400681366e-05,9.810000419617e+00,-2.146743523802e-06,-3.930040331487e-06,-5.665163048981e-09,1.876408829919e+02
-5.747634713771e-05,-2.541400681366e-05,9.810000419617e+00,1.647428397025e-05,-5.897190094868e-06,-1.481212304039e-08,1.876408829919e+02
-5.747634713771e-05,-2.541400681366e-05,9.810000419617e+00,-9.640860710462e-07,-5.833144613802e-06,-1.250746131265e-08,1.876408829919e+02
-5.747634713771e-05,-2.541400681366e-05,9.810000419617e+00,-5.058986815892e-06,-1.248505051370e-05,-2.830589980420e-08,1.876408829919e+02
-5.747634713771e-05,-2.541400681366e-05,9.810000419617e+00,-8.178148344450e-06,-1.319555691399e-05,-3.092595805637e-08,1.876408829919e+02
-5.747634713771e-05,-2.541400681366e-05,9.810000419617e+00,-6.127386938271e-06,-1.196604179945e-05,-2.783173953173e-08,1.876408829919e+02
-5.747634713771e-05,-2.541400681366e-05,9.810000419617e+00,-3.319455865512e-06,-5.081142610692e-06,-6.444102756785e-09,1.876408829919e+02
-5.747634713771e-05,-2.541400681366e-05,9.810000419617e+00,-4.319779090155e-06,7.318679215320e-07,1.210873942397e-09,1.876408829919e+02
-5.747634713771e-05,-2.541400681366e-05,9.810000419617e+00,-4.910256140323e-06,4.064461869656e-06,9.822647762308e-09,1.876408829919e+02
-5.747634713771e-05,-2.541400681366e-05,9.810000419617e+00,-1.435773016971e-06,4.724988066794e-06,1.139147623741e-08,1.876408829919e+02
-1.656860485673e-02,-3.712175413966e-03,9.811247825623e+00,-1.104491214384e-01,1.600199530515e-01,-4.765924575935e-02,1.876404048787e+02
4.415290355682e-01,5.277433991432e-02,9.789841651917e+00,-1.303920998761e-01,-1.848864440039e-01,1.465681889659e-01,1.876603080499e+02
2.074931144714e+00,2.515738010406e-01,9.722694396973e+00,3.106621897747e-01,-1.707649958784e+00,1.971356732449e+00,1.877915159839e+02
3.775541782379e+00,3.769674301147e-01,9.712884902954e+00,7.800872176080e-01,-2.649645956894e+00,3.516109667736e+00,1.880742175136e+02
4.652028083801e+00,7.491836547852e-01,9.743346214294e+00,9.149983947545e-01,-2.098233686141e+00,7.000719783681e+00,1.886579937820e+02
4.009995460510e+00,5.319890975952e-01,9.826288223267e+00,3.788678184963e-01,-8.869640433888e-01,8.523128395429e+00,1.894336437245e+02
3.298329353333e+00,9.971084594727e-01,9.847141265869e+00,7.746057239948e-01,1.236295722676e-01,1.214748546245e+01,1.905282088598e+02
2.958833694458e+00,1.208710908890e+00,9.820248603821e+00,6.109344878831e-01,1.139680348988e+00,1.563002560419e+01,1.919858668513e+02
9.450083971024e-01,3.524124622345e-02,9.908473968506e+00,-1.119676966065e+00,2.428320080142e+00,1.214843485875e+01,1.932754475477e+02
-3.298711776733e-01,1.254667758942e+00,9.848325729370e+00,7.475417930997e-01,2.594761331488e+00,1.640218190496e+01,1.947918315058e+02
-1.032433509827e-01,6.857379674911e-01,9.751094818115e+00,-1.971655766669e-01,1.764357284203e+00,1.576918558589e+01,1.963801919972e+02
-4.544883966446e-02,7.009283304214e-01,9.736066818237e+00,-2.349914844555e-01,1.073085470972e+00,1.603445647287e+01,1.979788797347e+02
1.540393531322e-01,1.435916572809e-01,9.744787216187e+00,-5.034119957824e-01,1.445822447636e-01,1.377109058383e+01,1.993865544019e+02
1.632994413376e-01,1.282452821732e+00,9.789940834045e+00,-4.891442108539e-01,2.336739409646e+00,1.648785809036e+01,2.010616446355e+02
-1.026036453247e+01,-1.171523094177e+00,1.014766025543e+01,-5.560620074074e+00,8.975843578901e+00,5.069725413802e+00,2.021042047104e+02
-1.166982078552e+01,-1.873447418213e+00,9.559680938721e+00,-8.157794383329e-01,2.368402672535e+00,-2.162545946953e-02,2.021957975472e+02
-3.954152464867e-01,-2.286553382874e-03,9.225440025330e+00,1.275132498461e+00,-2.886310090644e+00,2.727057413296e-02,2.021976143775e+02
2.205644920468e-02,-8.414149284363e-03,9.610510826111e+00,1.479412570922e+00,-4.013086611464e+00,-1.419844250015e-02,2.022013026797e+02
-1.004956811666e-01,2.292856574059e-02,9.819296836853e+00,8.362934846182e-01,-3.339005850766e+00,-1.215499864386e-02,2.022007562645e+02
-1.087802052498e-01,-3.404253721237e-02,9.884961128235e+00,4.639470026755e-01,-2.192090730621e+00,-8.264505550342e-03,2.021999229814e+02
-8.780837059021e-02,-1.618777215481e-02,9.892040252686e+00,2.425057597596e-01,-1.145818661340e+00,-4.530291804085e-03,2.021992809437e+02
-6.069418042898e-02,-3.780841827393e-03,9.874461174011e+00,1.166175293109e-01,-4.225397278842e-01,-1.821098145250e-03,2.021988847927e+02
-3.525974601507e-02,2.583414316177e-03,9.850424766541e+00,5.019926237759e-02,-2.583086497144e-02,-2.993855987315e-04,2.021987755097e+02
-2.077782154083e-02,5.418885499239e-03,9.829857826233e+00,1.846166782121e-02,1.338123171030e-01,3.271891825429e-04,2.021987618493e+02
-1.237619575113e-02,7.824946194887e-03,9.816296577454e+00,5.050898210798e-03,1.573914908196e-01,4.412150458903e-04,2.021987891700e+02
-8.385911583900e-03,8.623706176877e-03,9.809231758118e+00,3.744464449474e-04,1.220944739114e-01,3.344246327997e-04,2.021988164908e+02
-6.333643570542e-03,4.412571899593e-03,9.806733131409e+00,-5.973413975786e-04,7.412881679452e-02,1.767067441692e-04,2.021988028304e+02
-9.845010004938e-03,9.527097456157e-03,9.806683540344e+00,-4.367585809106e-04,3.484968620835e-02,4.443436124971e-05,2.021988028304e+02
-1.065795309842e-02,8.365312591195e-03,9.807618141174e+00,-4.692420001078e-05,9.917344628419e-03,-4.125907784147e-05,2.021988028304e+02
-9.880978614092e-03,8.708717301488e-03,9.808650016785e+00,1.768130620209e-04,-2.421134057459e-03,-8.499398331186e-05,2.021988028304e+02
-1.200140826404e-02,8.265659213066e-03,9.809421539307e+00,2.082774139924e-04,-6.500613782885e-03,-1.005760884126e-04,2.021988028304e+02
-1.107222307473e-02,8.613819256425e-03,9.809895515442e+00,2.452915031054e-04,-6.204177569810e-03,-1.006058954516e-04,2.021988028304e+02
-1.203458569944e-02,7.698003202677e-03,9.810094833374e+00,1.589728196847e-04,-4.376000148596e-03,-9.489953456646e-05,2.021988028304e+02
-2.876458689570e-02,3.337219357491e-03,9.811365127563e+00,-1.760813963489e-01,1.578540760533e-01,-8.157753162070e-02,2.021979968681e+02
7.634556293488e-02,2.171359211206e-02,9.806869506836e+00,-7.780372537225e-03,2.559500833413e-02,-2.968543453827e-04,2.022021769439e+02
-8.543444424868e-02,-1.893863081932e-04,9.813356399536e+00,-6.922928664810e-04,1.078042307339e-02,-2.368559547606e-04,2.022021359627e+02
-1.048734225333e-02,8.340349420905e-03,9.809091567993e+00,9.473858828109e-04,2.043791952479e-03,-2.077785629722e-04,2.022021359627e+02
-1.130271144211e-02,7.998233661056e-03,9.809534072876e+00,1.036115601331e-03,-1.881123059968e-03,-1.962507427803e-04,2.022021359627e+02
-1.126130670309e-02,8.008956909180e-03,9.809860229492e+00,6.860652797552e-04,-2.861201428131e-03,-1.937251824717e-04,2.022021359627e+02
-1.237180083990e-02,8.491888642311e-03,9.810023307800e+00,4.085029671008e-04,-2.430370279148e-03,-1.953481809519e-04,2.022021359627e+02
-1.176182087511e-02,8.260963484645e-03,9.810050964355e+00,2.042317858918e-04,-1.600118763862e-03,-1.979483109680e-04,2.022021359627e+02
-1.176193170249e-02,8.261041715741e-03,9.810142517090e+00,1.568209807596e-04,-7.926233594838e-04,-2.006988831543e-04,2.022021359627e+02
-1.176174823195e-02,8.260913193226e-03,9.809989929199e+00,1.404057181136e-04,-2.915627361561e-04,-2.020572269161e-04,2.022021359627e+02
-1.176174823195e-02,8.260913193226e-03,9.809989929199e+00,1.028664948943e-04,-9.221591748354e-06,-2.027895968055e-04,2.022021359627e+02
-1.176174823195e-02,8.260913193226e-03,9.809989929199e+00,1.411746823965e-04,1.511612389693e-04,-7.963879311781e-05,2.022021359627e+02
-2.761778980494e-02,2.850072458386e-03,9.811206817627e+00,-1.721488482332e-01,1.539150846146e-01,-7.779700857489e-02,2.022013709815e+02
4.207310676575e-01,8.754286170006e-02,9.790348052979e+00,-1.881244872790e-01,-1.947971285309e-01,2.580671184839e-01,2.022318746064e+02
2.054381370544e+00,4.324429035187e-01,9.722314834595e+00,7.644407483234e-01,-1.671702246296e+00,2.295554863055e+00,2.024253738656e+02
-1.553904771805e+00,-4.294061660767e-01,9.991547584534e+00,-7.271470616814e-01,1.484591882026e+00,-5.347749638009e-03,2.025537404408e+02
-9.816747903824e-01,-4.669666290283e-02,9.799325942993e+00,-5.832095761033e-02,5.488420919122e-01,-1.893974271000e-03,2.025534125917e+02
2.063725516200e-02,1.738296076655e-02,9.756322860718e+00,9.438691107883e-02,3.411351321176e-02,-2.426772381954e-05,2.025533306295e+02
4.955946933478e-03,3.053512424231e-03,9.784370422363e+00,-4.577317973350e-02,-2.156734149661e-01,1.578584616484e-02,2.025534535729e+02
7.200576663017e-01,1.445797681808e-01,9.770024299622e+00,8.555376493265e-01,-1.145092313410e+00,1.482122661919e+00,2.026134089734e+02
2.737223625183e+00,4.567487239838e-01,9.709877014160e+00,6.790606089338e-01,-1.932433191917e+00,3.303043410682e+00,2.028057880816e+02
4.054145812988e+00,9.183359146118e-01,9.719839096069e+00,1.570919389997e+00,-2.582203388368e+00,7.903267383909e+00,2.034175408048e+02
4.414580821991e+00,7.618460655212e-01,9.777316093445e+00,7.364375063348e-01,-1.612290486130e+00,1.047851422461e+01,2.043328407951e+02
3.703451633453e+00,6.469287872314e-01,9.841053009033e+00,3.265783181294e-01,-4.048330227499e-01,1.206802133410e+01,2.054460523468e+02
3.099187374115e+00,1.222057104111e+00,9.842899322510e+00,9.191705731204e-01,5.085724171437e-01,1.621383943859e+01,2.069241462643e+02
2.906482219696e+00,6.392457485199e-01,9.817530632019e+00,-2.818507443083e-01,1.669976236148e+00,1.585073292194e+01,2.084970841886e+02
3.462874293327e-01,6.553654074669e-01,9.934787750244e+00,-2.587634242532e-01,2.624575107215e+00,1.561932269776e+01,2.100668938863e+02
-3.235894441605e-01,1.178323507309e+00,9.833865165710e+00,4.880710173805e-01,2.380177491777e+00,1.819437231675e+01,2.118294515224e+02
4.910647869110e-03,4.830450415611e-01,9.763387680054e+00,-5.215454543377e-01,1.326388265706e+00,1.664870050757e+01,2.135210025119e+02
-8.025920391083e-02,7.787256836891e-01,9.751841545105e+00,-1.565789384322e-01,6.417219390929e-01,1.708693398246e+01,2.152220747850e+02
2.130008935928e-01,6.850125789642e-01,9.741769790649e+00,4.835002334436e-01,-1.025615122632e+00,1.748036312394e+01,2.169147732463e+02
3.883780002594e+00,5.807056427002e-01,9.608563423157e+00,6.602028835223e-01,-2.746956088886e+00,1.733796392502e+01,2.185898361591e+02
2.952286005020e+00,2.803496599197e+00,9.778964042664e+00,5.933857895703e+00,-1.066425609644e+00,3.083647361191e+01,2.210113977671e+02
2.225064754486e+00,2.953761577606e+00,9.787045478821e+00,1.673180341921e+00,-4.971060769920e-01,3.356908544976e+01,2.242439760371e+02
3.160897493362e+00,1.282364368439e+00,9.730915069580e+00,-2.567569067741e+00,1.858737798650e-01,3.031625908397e+01,2.273222466733e+02
2.683576345444e+00,2.567508459091e+00,9.769832611084e+00,3.394242497718e-01,7.109518293857e-01,3.410187094088e+01,2.305947815500e+02
3.033955335617e+00,1.439598083496e+00,9.823517799377e+00,2.602247645705e-01,1.009183288314e+00,2.997375241785e+01,2.336784753565e+02
2.109905719757e+00,3.629347801208e+00,9.547024726868e+00,2.222412928554e+00,3.213113511531e+00,3.938917843399e+01,2.372224692715e+02
2.662376165390e+00,2.055274009705e+00,9.619139671326e+00,-3.139545543981e+00,2.756952497623e+00,3.350340635071e+01,2.407528574497e+02
2.618035793304e+00,3.139610767365e+00,9.620605468750e+00,5.581434221796e-01,3.820316048085e+00,3.647263301688e+01,2.442893927981e+02
2.936160802841e+00,1.445190906525e+00,9.645958900452e+00,-1.324431203065e+00,3.608054259248e+00,2.876220663268e+01,2.474003253990e+02
2.909489154816e+00,2.094456434250e+00,9.844298362732e+00,4.055925131052e+00,1.841611953079e+00,2.664035372550e+01,2.501045338952e+02
2.782789468765e+00,2.331393718719e+00,9.907711029053e+00,7.036457681296e-01,-7.194493317651e-01,2.662773836610e+01,2.527513688024e+02
2.916407346725e+00,1.268397450447e+00,9.843089103699e+00,-1.343069615371e+00,-3.668778482951e+00,1.999987135214e+01,2.549466462431e+02
2.814512252808e+00,2.348115682602e+00,9.618263244629e+00,8.523657735089e-01,-4.825194823118e+00,2.045225356389e+01,2.569627541616e+02
2.658913373947e+00,1.698745608330e+00,9.804317474365e+00,9.867102583978e-01,-3.258075793064e+00,1.753258675033e+01,2.587965233499e+02
5.502249598503e-01,1.413553953171e+00,1.037286758423e+01,-9.750651327085e-02,7.809929113641e-01,1.430171261252e+01,2.603282888940e+02
-2.903963029385e-01,1.496735334396e+00,1.013223171234e+01,-4.655128769035e-02,2.013467623447e+00,1.278478394692e+01,2.616562142724e+02
-1.198516190052e-01,1.283831238747e+00,9.838972091675e+00,-2.307809129561e-01,1.851564392474e+00,1.128794030635e+01,2.628339574514e+02
-5.292160809040e-02,1.139343738556e+00,9.738185882568e+00,-2.851680818108e-01,1.250695362271e+00,9.992698236870e+00,2.638752880922e+02
-5.429531261325e-02,9.954288005829e-01,9.728299140930e+00,-3.180382871503e-01,6.724808956073e-01,8.767269238442e+00,2.647914077052e+02
2.458625078201e+00,9.448793530464e-01,9.619102478027e+00,-3.044548818405e-02,-1.984464505797e+00,8.322600017813e+00,2.656327777279e+02
3.370182037354e+00,6.271893978119e-01,9.719517707825e+00,-3.432649238390e-01,-1.752436149502e+00,6.504313587635e+00,2.663390739296e+02
2.029184818268e+00,-3.653084278107e+00,9.837960243225e+00,-1.428648214445e+01,2.627287759532e-01,-2.009860515169e+01,2.656898507886e+02
1.394768238068e+00,-2.032320261002e+00,9.828737258911e+00,5.002575689637e+00,-1.287981578394e-02,-1.147006900812e+01,2.638975818297e+02
2.280242681503e+00,2.241474866867e+00,9.798230171204e+00,4.497312872672e+00,-7.316466622406e-02,2.009418388486e+00,2.636360948675e+02
2.151502370834e+00,-1.087812423706e+00,9.799141883850e+00,-6.410959629277e-01,-2.112038565671e-02,-1.416938751575e+00,2.636119979601e+02
2.121866226196e+00,-6.075794696808e-01,9.794612884521e+00,-4.650662999257e-01,3.675234078934e-02,-3.057091713764e+00,2.633624228478e+02
2.092787742615e+00,-2.035760283470e-01,9.795095443726e+00,1.599056941253e-01,5.357512339551e-02,-2.397828835026e+00,2.631007173196e+02
2.074560165405e+00,-2.604070901871e-01,9.794490814209e+00,1.102066230425e-01,5.497813696551e-02,-1.949658075230e+00,2.628908119460e+02
2.052980899811e+00,-2.913566231728e-01,9.793951988220e+00,1.568470567077e-02,4.903407479387e-02,-1.814370810792e+00,2.627050581213e+02
2.039664745331e+00,-2.686500549316e-01,9.793813705444e+00,1.373977261902e-02,4.006808080132e-02,-1.686509029199e+00,2.625322543353e+02
2.022810935974e+00,-2.436805367470e-01,9.794031143188e+00,2.378134464802e-02,3.187504544331e-02,-1.539329978530e+00,2.623734387768e+02
2.009085178375e+00,-2.333579659462e-01,9.794356346130e+00,2.518342773815e-02,2.599778605691e-02,-1.403613906278e+00,2.622285568041e+02
1.996176004410e+00,-2.158852219582e-01,9.794805526733e+00,2.612182169193e-02,2.247707200124e-02,-1.279567639110e+00,2.620964336248e+02
1.983281373978e+00,-2.039315700531e-01,9.795104026794e+00,2.687080796332e-02,2.065570600952e-02,-1.165333365572e+00,2.619760037293e+02
9.598048329353e-01,-1.869316399097e-01,9.856383323669e+00,2.273948733554e-02,1.213811273536e+00,-1.057234843064e+00,2.618664201743e+02
-2.222592532635e-01,1.521221995354e-01,9.859897613525e+00,5.439357749323e-01,1.349499811588e+00,4.925168835608e-01,2.618606008531e+02
-1.557991802692e-01,1.602926701307e-01,9.796424865723e+00,3.198031706792e-01,9.898093500120e-01,1.175534039654e+00,2.619540378410e+02
-1.428192853928e-01,5.857102572918e-02,9.778227806091e+00,-2.925636825781e-02,5.661734834877e-01,8.050639387422e-01,2.620476933949e+02
-1.561343967915e-01,1.176871806383e-01,9.781549453735e+00,1.300992955361e-02,2.477286933601e-01,6.759574085340e-01,2.621198201925e+02
7.744854092598e-01,3.245148658752e-01,9.740358352661e+00,3.460726651964e-01,-1.171976044705e+00,1.544365108608e+00,2.622428728806e+02
-3.267633318901e-01,5.538165569305e-01,9.878787994385e+00,4.400256524897e-01,3.157013325897e+00,2.779752736289e+00,2.624854538792e+02
-1.220715236664e+01,3.605394363403e-01,1.020196056366e+01,-2.978978468765e-01,1.054457325294e+01,2.476311337128e+00,2.627462578224e+02
-1.748985862732e+01,-8.316898345947e-02,9.493867874146e+00,-8.848281151693e-01,1.007829331378e+01,1.447417083364e+00,2.629202090802e+02
-6.924854278564e+00,7.986783981323e-03,8.870779037476e+00,-2.665542154970e-01,-3.099453400770e+00,-2.742866032872e-01,2.629569008564e+02
1.245925664902e+00,5.688517689705e-01,9.250634193420e+00,5.358390659189e-01,-7.243342190265e+00,1.525840248197e+00,2.630535070520e+02
1.213761091232e+00,4.270709753036e-01,9.751875877380e+00,3.558064318156e-01,-6.710055107136e+00,2.667822584379e+00,2.632830287289e+02
1.230949401855e+00,4.770306348801e-01,9.937097549438e+00,2.539648961962e-01,-4.599509151242e+00,3.472973608033e+00,2.636027635443e+02
-1.362326145172e+00,5.009832382202e-01,1.011387538910e+01,-1.220788258413e-01,2.341333992524e+00,3.609084764039e+00,2.639719216086e+02
-1.320547485352e+01,9.211802482605e-02,1.029854488373e+01,-8.084767388106e-01,9.829495135521e+00,2.227109110495e+00,2.642406212506e+02
-1.736197471619e+01,-2.260859012604e-01,9.487980842590e+00,-8.272626938750e-01,9.012107614525e+00,9.560665079648e-01,2.643759409584e+02
-5.698496818542e+00,-5.946570634842e-02,8.961557388306e+00,-2.265183146250e-01,-2.990306977833e+00,-6.577253924834e-01,2.643503414094e+02
1.620905756950e+00,4.491406679153e-01,9.312313079834e+00,5.383417432804e-01,-6.874963194456e+00,1.448640540999e+00,2.644454449634e+02
1.488295435905e+00,1.737383008003e-01,9.752212524414e+00,2.028115817895e-01,-6.474370038314e+00,1.829447599611e+00,2.646175384097e+02
1.449682712555e+00,1.826525032520e-01,9.924676895142e+00,8.171024673195e-02,-4.533103917697e+00,2.111598018469e+00,2.648196027261e+02
8.664854764938e-01,2.557489275932e-01,9.988904953003e+00,6.934887165448e-02,-1.671836288758e+00,2.594391647499e+00,2.650675659137e+02
-2.409429848194e-01,1.197646707296e-01,9.983591079712e+00,-1.277682133373e-01,2.835750802592e-02,2.316810411752e+00,2.653062400441e+02
-1.423318684101e-01,2.000891417265e-01,9.888720512390e+00,-3.151841151807e-02,6.498150195683e-01,2.518308249343e+00,2.655533562883e+02
-7.108560204506e-02,1.670744568110e-01,9.830190658569e+00,-4.929484594689e-02,6.917057970476e-01,2.519798724686e+00,2.658054449102e+02
-4.308901727200e-02,1.764555126429e-01,9.802453994751e+00,-2.667870389033e-02,5.088176102627e-01,2.573786460877e+00,2.660616316455e+02
1.150723993778e-01,1.678860038519e-01,9.785712242126e+00,-7.779462067672e-03,-5.187467643149e-02,2.597456054559e+00,2.663195669094e+02
-1.787021160126e+00,1.101853847504e-01,9.898801803589e+00,-2.981704941543e-01,4.034792525760e+00,2.069786375135e+00,2.665563832283e+02
-6.951028347015e+00,1.492021083832e-01,9.925574302673e+00,-3.894299056349e-02,1.775455701274e+00,2.317536332795e+00,2.667768617347e+02
6.212558746338e-01,1.289708912373e-01,9.496274948120e+00,3.883442790828e-03,-1.719875357068e+00,2.395153108419e+00,2.670109186572e+02
-8.517544865608e-01,-4.631012678146e-03,9.782958984375e+00,-2.562139494238e-01,9.861239293462e-01,1.635189655818e+00,2.672026010860e+02
-3.292972326279e+00,2.002943456173e-01,9.849943161011e+00,1.164709337078e-01,-8.925216295782e-01,2.345950986959e+00,2.674194459318e+02
9.206048250198e-01,1.265549287200e-02,9.675614356995e+00,-3.936431451770e-02,-2.029628491353e+00,1.924760114714e+00,2.676174121347e+02
6.666850447655e-01,4.674328491092e-02,9.808531761169e+00,-1.119661438057e-02,-1.225385029085e+00,1.756440668068e+00,2.677969095061e+02
-9.658910334110e-02,1.156605109572e-01,9.871086120605e+00,7.438146042263e-02,-6.575918836295e-01,1.943374087750e+00,2.679873078594e+02
1.773463487625e-01,2.141120657325e-02,9.841341972351e+00,-2.233764676274e-02,-3.242814802580e-01,1.640242501700e+00,2.681568877961e+02
2.084622681141e-01,1.105675473809e-01,9.831447601318e+00,6.184594887186e-02,-5.855549189900e-02,1.830340433402e+00,2.683359480354e+02
1.273396313190e-01,1.892843656242e-02,9.825828552246e+00,-3.850482125503e-02,9.416670417916e-02,1.513512183632e+00,2.684934521976e+02
1.057946011424e-01,1.080428734422e-01,9.816033363342e+00,5.310766898397e-02,1.208684549554e-01,1.703339789253e+00,2.686598356058e+02
1.273593008518e-01,-4.477633163333e-02,9.809185981750e+00,-8.880892770339e-02,9.602308156048e-02,1.141598671650e+00,2.687850739544e+02
1.062089875340e-01,1.356616616249e-01,9.808258056641e+00,1.016450876396e-01,7.617379811038e-02,1.548076355927e+00,2.689316224933e+02
6.041637808084e-02,1.623924588785e-03,9.809659004211e+00,-3.585172631941e-02,1.012623102315e-01,1.217537888781e+00,2.690600300497e+02
-3.390960022807e-02,8.993884176016e-02,9.811990737915e+00,4.323243940870e-02,1.043806050826e-01,1.379612941700e+00,2.691948033424e+02
-4.105541110039e-02,-2.954443916678e-04,9.808543205261e+00,-4.377516930839e-02,7.474148609709e-02,1.080506898392e+00,2.693088948223e+02
-3.971559554338e-02,8.199436217546e-02,9.807617187500e+00,4.244351253892e-02,4.299614754694e-02,1.240796817339e+00,2.694298164913e+02
-3.999608010054e-02,-3.067370969802e-03,9.807835578918e+00,-3.935311540870e-02,1.832142215960e-02,9.533507607178e-01,2.695308759703e+02
-4.907324612141e-01,6.865391135216e-02,9.833504676819e+00,4.938101705420e-03,1.017407049519e+00,1.051212217042e+00,2.696368531855e+02
-1.683674097061e+00,2.344954758883e-02,9.847055435181e+00,-1.781940325561e-02,3.517141079662e-01,9.563379012626e-01,2.697340604377e+02
7.572541236877e-01,3.333179652691e-02,9.705124855042e+00,2.383654478281e-02,-1.093384899907e+00,9.503678890412e-01,2.698274974256e+02
3.118652105331e-01,3.215445578098e-02,9.814666748047e+00,-1.006294138306e-02,2.980944015781e-01,8.632912480557e-01,2.699176559226e+02
-8.892033696175e-01,-1.676203496754e-02,9.854348182678e+00,-3.083852755118e-02,-1.223674013337e-01,6.495867952005e-01,2.699862037011e+02
6.538581848145e-01,5.623703449965e-02,9.764236450195e+00,5.750875873859e-02,-6.215298188331e-01,7.998744890769e-01,2.700626471783e+02
-1.906864523888e+00,-2.439091727138e-02,9.934387207031e+00,-1.156551796692e-01,3.780857191476e+00,3.903417625695e-01,2.701172067294e+02
-1.258712673187e+01,-5.159489810467e-02,1.010175991058e+01,-2.492451821188e-01,9.542525591317e+00,6.589160198537e-02,2.701378339007e+02
-9.807590484619e+00,-5.384415388107e-02,9.389780044556e+00,-5.112864168228e-02,5.938088023955e-01,1.682342793898e-02,2.701379431837e+02
1.794428229332e+00,-2.221862785518e-02,9.220987319946e+00,8.522431235886e-02,-5.016893473685e+00,8.862943113241e-01,2.701731323183e+02
2.998196125031e+00,2.472130954266e-02,9.627406120300e+00,1.917351493899e-01,-6.199524506773e+00,-1.834234895209e-01,2.702126654532e+02
3.495707035065e+00,4.023910313845e-02,9.828956604004e+00,1.482052198913e-01,-4.977999815230e+00,1.738129864718e-01,2.702362705870e+02
3.184576749802e+00,-3.149421885610e-03,9.921285629272e+00,6.137976178058e-02,-2.773843128553e+00,9.000868644968e-02,2.702573348904e+02
2.460915088654e+00,5.057504028082e-02,9.944237709045e+00,7.531618915283e-02,-9.381370479501e-01,4.414001746993e-01,2.702970319499e+02
2.572504043579e+00,-1.255703810602e-02,9.872573852539e+00,-1.470152361862e-02,-1.782469265015e-01,3.113392589566e-01,2.703286147446e+02
2.563044309616e+00,4.621455073357e-02,9.835607528687e+00,1.308130219564e-02,1.035041957625e+00,4.512787093124e-01,2.703712351250e+02
3.341657817364e-01,-8.240513503551e-03,9.919302940369e+00,-5.283457480898e-02,2.025475736338e+00,3.344968018942e-01,2.704067247879e+02
-1.198018714786e-02,1.184353139251e-02,9.829557418823e+00,-3.979115465008e-02,1.807026223000e+00,3.164085666617e-01,2.704387173940e+02
3.657672181726e-02,-1.815045066178e-02,9.774081230164e+00,-4.370504647759e-02,1.205707040643e+00,1.955428064294e-01,2.704602734710e+02
3.826979547739e-02,3.920204192400e-02,9.763843536377e+00,2.046953166131e-02,6.362866559783e-01,3.491875783035e-01,2.704926485677e+02
-1.931256651878e-01,-1.125492434949e-02,9.785780906677e+00,-2.912180219198e-02,1.106640589539e+00,2.302516266562e-01,2.705187398903e+02
-1.800453186035e+00,2.018472179770e-03,9.844490051270e+00,-1.588815726263e-02,4.352050597199e-01,2.075059761422e-01,2.705394763446e+02
1.079630732536e+00,1.467922702432e-03,9.677833557129e+00,1.886815745832e-02,-1.458972055892e+00,2.089003085684e-01,2.705595297801e+02
2.151281356812e+00,2.560559660196e-02,9.734808921814e+00,4.827737120913e-02,-1.276847622995e+00,2.915005476255e-01,2.705871237443e+02
8.743026852608e-02,-7.007729262114e-03,9.905477523804e+00,-4.756252921349e-03,3.261526586059e-01,2.005305253904e-01,2.706091169534e+02
-8.562192320824e-01,1.741318032146e-03,9.887557983398e+00,-8.244081683898e-03,5.429410219127e-01,1.848636989404e-01,2.706277223887e+02
9.081872701645e-01,6.450649350882e-03,9.745883941650e+00,8.685869525194e-03,-7.898563091118e-01,1.859539011856e-01,2.706456994466e+02
1.781742572784e+00,6.403271108866e-03,9.759246826172e+00,1.406546558722e-02,-3.644586006272e-01,1.725556446952e-01,2.706634032970e+02
-2.501145899296e-01,-1.167236268520e-02,9.894925117493e+00,-1.283876127775e-02,8.059449797843e-01,9.387323282848e-02,2.706744408826e+02
-8.266803622246e-01,1.394584402442e-02,9.854250907898e+00,1.222162800633e-03,6.432027561215e-01,1.324691710749e-01,2.706867898647e+02
7.859078049660e-01,-1.210099924356e-02,9.736865997314e+00,-4.734126510192e-03,-5.743005548264e-01,7.618692488019e-02,2.706952046577e+02
1.279836058617e+00,2.424349635839e-02,9.769181251526e+00,2.700059156271e-02,-1.684459919087e-01,1.550197743314e-01,2.707095207342e+02
-5.889576673508e-01,-5.239615216851e-03,9.885215759277e+00,-1.146929834400e-02,7.429685545635e-01,1.007723909008e-01,2.707207495652e+02
-6.763401031494e-01,-1.035815849900e-02,9.826876640320e+00,-1.781397212130e-02,2.658724772404e-01,5.074892918816e-02,2.707265142449e+02
8.666160106659e-01,9.516533464193e-03,9.738393783569e+00,1.146642019300e-02,-5.930807469187e-01,8.039947073122e-02,2.707338908492e+02
7.094860672951e-01,2.299891784787e-03,9.802178382874e+00,7.443009383746e-03,6.216075122349e-02,6.687473567925e-02,2.707411035289e+02
-8.997638225555e-01,-6.546217948198e-03,9.879711151123e+00,-1.012184676207e-02,6.445306943065e-01,2.637898431728e-02,2.707444639820e+02
-1.750289052725e-01,3.392905928195e-03,9.788653373718e+00,3.468416251021e-03,-2.756717443066e-01,4.946759837307e-02,2.707487533408e+02
-3.553180694580e-01,-3.892216831446e-03,9.825004577637e+00,-1.323870087016e-02,1.992927323622e+00,-2.862486924427e-02,2.707489719069e+02
-8.997493743896e+00,4.671558737755e-03,1.010027503967e+01,-6.704951248278e-02,8.646234871255e+00,-6.779785175383e-02,2.707446005858e+02
-1.277225780487e+01,-1.298022270203e-02,9.630970954895e+00,-9.595421937983e-02,2.820657458568e+00,4.155893300528e-06,2.707427974159e+02
-7.471407651901e-01,-5.463885143399e-03,9.206042289734e+00,-7.692583929060e-03,-2.681138891939e+00,-2.675868138677e-03,2.707426334913e+02
3.634124994278e-02,-3.982131369412e-03,9.596406936646e+00,5.002822750386e-02,-3.948930644590e+00,-1.727376581475e-03,2.707425788498e+02
-8.038359135389e-02,-1.337382011116e-03,9.805842399597e+00,6.316827082714e-02,-3.406082790727e+00,-6.314106346227e-04,2.707426334913e+02
-9.643296152353e-02,-3.282780759037e-03,9.881260871887e+00,5.057185453290e-02,-2.288787212805e+00,-1.192504327916e-04,2.707426334913e+02
-9.512318670750e-02,-3.712673205882e-04,9.894353866577e+00,3.000349356945e-02,-1.068335821456e+00,2.316093843866e-03,2.707426881328e+02
3.952555358410e-01,7.522106170654e-04,9.856172561646e+00,1.426432647820e-02,-6.833365741585e-01,-4.825915097916e-03,2.707430159819e+02
2.264096498489e+00,9.053908288479e-03,9.751706123352e+00,-6.354967419328e-03,-2.208460559627e+00,-3.701278977621e-01,2.707462125104e+02
4.094250679016e+00,-1.401208341122e-03,9.726395606995e+00,2.511929466308e-02,-2.188292718555e+00,-2.313960035073e-02,2.707453655670e+02
-1.665402531624e+00,-1.667650043964e-02,1.014250564575e+01,-1.943442282920e-02,6.073075080235e+00,-2.912817214379e-03,2.707637797570e+02
-4.666183948517e+00,1.613380014896e-02,9.920325279236e+00,-4.705402029576e-02,9.828925028169e-01,5.517242383088e-02,2.707644900967e+02
3.904811859131e+00,3.218737244606e-02,9.468869209290e+00,-1.550850813452e-02,-1.982515340562e+00,-7.759418797512e-01,2.707296834527e+02
3.900960445404e+00,-2.704650536180e-02,9.676026344299e+00,2.706928699070e-02,-2.721229754490e+00,-1.026430423103e-01,2.707306396791e+02
-7.983431816101e-01,-1.514055579901e-02,1.006727027893e+01,-1.252544635989e-02,5.528884026982e+00,1.185642632914e-02,2.707539989261e+02
-7.599839687347e+00,1.555980741978e-02,1.005857563019e+01,-5.591442316560e-02,2.578030783116e+00,2.211421736782e-05,2.707537257185e+02
1.540600508451e-01,-1.697354251519e-03,9.540675163269e+00,-2.742556073018e-02,-5.585483076560e-03,-2.526763793834e-04,2.707536983978e+02
4.656520485878e-02,-2.209047554061e-03,9.685398101807e+00,1.979297441009e-03,-9.900416831655e-01,-2.227569648006e-04,2.707536983978e+02
-2.721432596445e-03,1.979999709874e-03,9.776797294617e+00,1.574215529901e-02,-1.089322111290e+00,-9.250480996237e-05,2.707536983978e+02
-2.525522187352e-02,-9.713222389109e-04,9.820534706116e+00,1.673600451915e-02,-8.222963459356e-01,-1.601750054379e-05,2.707536983978e+02
-2.807881310582e-02,7.043265504763e-04,9.834239959717e+00,1.187449231290e-02,-4.888411212095e-01,7.677925360146e-06,2.707536983978e+02
-1.611735671759e-02,-1.728659030050e-03,9.832743644714e+00,6.145752855357e-03,-2.232051259288e-01,8.976923737372e-06,2.707536983978e+02
-1.146824471653e-02,-4.486710531637e-04,9.825872421265e+00,1.968495203352e-03,-5.830436238508e-02,5.241545972832e-06,2.707536983978e+02
-3.823068458587e-03,-5.375031032600e-04,9.818752288818e+00,-4.553701585441e-04,2.146702442719e-02,2.113492122273e-06,2.707536983978e+02
-4.472429398447e-03,6.775285874028e-05,9.813564300537e+00,-1.423947282721e-03,4.607044303980e-02,9.985899495637e-07,2.707536983978e+02
9.882019367069e-04,-6.634591263719e-04,9.810568809509e+00,-1.287961943268e-03,4.253165132768e-02,-3.320229376411e-08,2.707536983978e+02
1.646338729188e-03,5.515596712939e-04,9.809248924255e+00,-8.634995996747e-04,2.920852024803e-02,-4.380443616150e-07,2.707536983978e+02
1.267431653105e-03,-8.504402649123e-05,9.808951377869e+00,-5.635615806292e-04,1.586250570013e-02,-5.458122917756e-07,2.707536983978e+02
2.343043917790e-03,-1.072821469279e-04,9.809134483337e+00,-2.343751180379e-04,6.256632955729e-03,-3.331511185533e-07,2.707536983978e+02
-1.458885031752e-03,-6.008772470523e-05,9.809458732605e+00,-6.914823964175e-05,8.164846236817e-04,-2.272628962094e-07,2.707536983978e+02
2.290784614161e-03,-1.094176113838e-04,9.809714317322e+00,-1.881575845565e-06,-1.499580976452e-03,-1.450442600273e-07,2.707536983978e+02
-1.427544280887e-03,-5.949166370556e-05,9.809912681580e+00,1.830548878611e-05,-1.978067431662e-03,-5.182644199297e-08,2.707536983978e+02
-1.463035296183e-04,-7.521970837843e-05,9.810008049011e+00,2.623617389545e-05,-1.607369899291e-03,5.764154235318e-09,2.707536983978e+02
-1.463054795749e-04,-7.522069790866e-05,9.810137748718e+00,4.989000038326e-05,-9.997466365916e-04,2.095147299898e-08,2.707536983978e+02
-1.463034132030e-04,-7.521965017077e-05,9.810000419617e+00,5.846602482104e-07,-4.982154841417e-04,2.144575664092e-08,2.707536983978e+02
-1.791654527187e-02,1.550488232169e-04,9.811204910278e+00,1.005977141489e-05,1.622619092857e-01,9.285342073945e-05,2.707536983978e+02
4.539408981800e-01,-3.398517146707e-04,9.789461135864e+00,1.937027307886e-03,-1.838095419513e-01,-7.628946943171e-03,2.707538896431e+02
1.926176190376e+00,-2.667760476470e-02,9.729638099670e+00,7.617428502816e-03,-1.761856581193e+00,7.349817155463e-01,2.707864013435e+02
3.946790456772e+00,2.360181510448e-02,9.701195716858e+00,3.237529676906e-02,-2.585772375653e+00,1.491007283946e-02,2.707954171932e+02
4.576254367828e+00,8.524984121323e-03,9.753081321716e+00,3.616188961189e-02,-2.271096169081e+00,1.674389192022e-02,2.707957177216e+02
1.420275092125e+00,8.179768919945e-04,1.000821781158e+01,-1.082906482586e-02,4.860806575677e+00,-4.050271495327e-02,2.707945156083e+02
-9.916660308838e+00,-1.058506965637e-02,1.029775714874e+01,-1.113175693192e-01,4.292343164548e+00,3.435095299887e-01,2.708046789297e+02
3.617302179337e+00,-1.929720491171e-02,9.292710304260e+00,-3.668985523060e-03,-2.338103313046e+00,-3.305319838027e-01,2.708380922152e+02
2.349981784821e+00,-1.857931539416e-02,9.717006683350e+00,-4.849850525362e-02,2.583630897905e+00,7.215554312679e-01,2.709003015781e+02
-3.684507369995e+00,5.001376569271e-02,9.965701103210e+00,4.930696219555e-03,-1.201941151811e+00,-5.467227255674e-02,2.709036620312e+02
3.735547304153e+00,6.896480917931e-03,9.576693534851e+00,2.141314997609e-02,-2.619242010134e+00,-2.422845023181e-02,2.709032795406e+02
3.792696714401e+00,-9.500235319138e-04,9.732515335083e+00,3.407548026386e-02,-2.352038393057e+00,4.857876164389e-03,2.709040445218e+02
2.111821174622e+00,-4.607066512108e-04,9.905639648438e+00,1.928000485857e-02,-1.292730560899e-01,2.751264470412e-04,2.709043450501e+02
2.063451260328e-01,7.928255945444e-05,9.950906753540e+00,-7.766158540036e-03,9.065940604242e-01,-9.331488320662e-03,2.709036620312e+02
1.505700945854e+00,-3.262300044298e-03,9.782344818115e+00,-1.045708048401e-02,-4.871834529742e-02,-1.416696459952e-02,2.709023506349e+02
2.387102365494e+00,-1.040737330914e-02,9.750986099243e+00,-1.306728413283e-02,9.871180153552e-02,-8.185993059442e-02,2.708956024080e+02
6.072356700897e-01,-7.253102958202e-03,9.870412826538e+00,-8.736992557317e-03,1.079951945522e+00,-1.036651961279e-01,2.708856303318e+02
-6.096775829792e-02,-3.701686859131e-02,9.842013359070e+00,-3.405151457081e-02,7.834670406692e-01,-2.401520925799e-01,2.708638830095e+02
1.538550734520e+00,-4.257316887379e-02,9.723516464233e+00,-3.311880688292e-02,-5.728974845605e-01,-4.187366198574e-01,2.708262350068e+02
2.486709833145e+00,-7.791951298714e-02,9.731476783752e+00,-3.347352315251e-02,-9.129007796274e-01,-6.921054164749e-01,2.707638070777e+02
1.971987605095e+00,-1.082116812468e-01,9.813218116760e+00,-3.794996510151e-02,-3.196934607656e-01,-1.044812436511e+00,2.706677746180e+02
5.152608156204e-01,-2.065214216709e-01,9.891473770142e+00,-9.417039941822e-02,8.718671375281e-01,-1.737797026398e+00,2.705074564178e+02
-7.944387942553e-02,-2.110970318317e-01,9.854482650757e+00,-4.458103824896e-02,1.061684177700e+00,-2.268240936564e+00,2.702908847796e+02
-1.865552738309e-02,-1.343174725771e-01,9.803786277771e+00,7.164068693561e-02,8.235083309873e-01,-2.355872477059e+00,2.700568824987e+02
-1.382617093623e-02,-2.112040072680e-01,9.786899566650e+00,1.135318846316e-02,5.026045393564e-01,-2.798924650403e+00,2.697855873848e+02
-1.855844072998e-02,-2.289589941502e-01,9.787200927734e+00,1.175287125647e-02,2.418180184071e-01,-3.206494631339e+00,2.694728193623e+02
2.356061697006e+00,-4.405404627323e-01,9.673761367798e+00,-3.321387324441e-01,-2.171818515721e+00,-4.732100198505e+00,2.690478449922e+02
3.759597778320e+00,-7.919384837151e-01,9.718056678772e+00,-6.217730376006e-01,-2.077478662244e+00,-7.380213204816e+00,2.683870924919e+02
3.196400880814e+00,-8.705205917358e-01,9.817692756653e+00,-5.289883328206e-01,-1.289947072049e+00,-9.489186082767e+00,2.675056702399e+02
3.039726734161e+00,-8.571392297745e-01,9.830216407776e+00,-3.352916651588e-01,-5.570229509906e-01,-1.074914424877e+01,2.664781092604e+02
2.973130226135e+00,-9.894059896469e-01,9.815998077393e+00,-4.031837721892e-01,-5.499023987396e-02,-1.207848689146e+01,2.653199550640e+02
2.888452291489e+00,-1.356046557426e+00,9.796859741211e+00,-7.969156831450e-01,2.579402263757e-01,-1.450552716490e+01,2.639506933807e+02
2.896247863770e+00,-1.244176983833e+00,9.778760910034e+00,-4.629394430512e-01,3.385150608798e-01,-1.523831084020e+01,2.624614662548e+02
2.870511054993e+00,-1.403571128845e+00,9.770220756531e+00,-5.343673735962e-01,3.554536098563e-01,-1.615713862320e+01,2.608852498396e+02
6.112039089203e-01,-1.361013054848e+00,9.905790328979e+00,4.619944223465e-01,4.115481819293e+00,-1.546767030007e+01,2.592754015730e+02
-4.900115489960e+00,1.791887283325e-01,1.002010631561e+01,1.937084123855e+00,3.398641939956e+00,-8.136635311054e+00,2.582375406683e+02
6.051331758499e-02,-9.369561672211e-01,9.591071128845e+00,-2.201940530415e-01,2.848517053141e-01,-9.427894526476e+00,2.573350814336e+02
1.363987565041e+00,-1.970017433167e+00,9.630358695984e+00,-1.947810082172e+00,-8.838515048397e-01,-1.555682134421e+01,2.559876217142e+02
8.570591211319e-01,-9.942367076874e-01,9.769702911377e+00,2.191109744701e-01,-6.436068578605e-01,-1.382839074832e+01,2.545573254604e+02
-3.759616613388e-02,-1.079605817795e+00,9.848962783813e+00,2.525443769314e-01,-2.528610735933e-03,-1.329813754985e+01,2.532116962317e+02
-2.419029474258e-01,-9.812257289886e-01,9.836652755737e+00,2.958087428054e-01,2.064567416918e-01,-1.249487656760e+01,2.519393139516e+02
-2.333259820938e+00,-9.678822159767e-01,9.920578002930e+00,8.489297614696e-01,3.889104590763e+00,-1.155531062273e+01,2.507120928823e+02
-1.189194679260e+01,7.462129592896e-01,1.006004905701e+01,2.704807845291e+00,9.725112769530e+00,-4.935200996117e+00,2.500183369079e+02
-1.705146408081e+01,1.339104652405e+00,9.458312988281e+00,6.469627752596e-01,9.230920408549e+00,-4.983256926457e-01,2.498699032368e+02
-1.363609027863e+01,-6.710014343262e-01,8.909420013428e+00,-1.126224235993e+00,6.865740304643e-01,-4.600564962417e-02,2.498253157619e+02
-1.992132663727e+00,-3.491508960724e-02,9.013670921326e+00,-5.324892316570e-01,-5.727386826622e+00,-2.880789363464e-02,2.498212176484e+02
-6.430859118700e-02,3.384463489056e-03,9.617007255554e+00,-2.293206131754e-01,-6.570937814121e+00,-1.412557158542e-02,2.498190593087e+02
-1.753572523594e-01,-1.603250764310e-02,9.850188255310e+00,-7.379037558506e-02,-5.478807641309e+00,-6.335830883460e-03,2.498181577237e+02
-1.657397449017e-01,-1.285792142153e-02,9.924386024475e+00,3.463546239431e-03,-3.735029610353e+00,-2.749369170040e-03,2.498178298746e+02
